bin	sys	sub	genes
OWC_0000	RM	RM_Type_IIG	COJMLO_05580
OWC_0000	RM	RM_Type_II	COJMLO_05585,COJMLO_05590
OWC_0000	RM	RM_Type_IIG	COJMLO_06345
OWC_0010	Cas	CAS_Class1-Subtype-I-C	LOIHGM_05100,LOIHGM_05105,LOIHGM_05110,LOIHGM_05115,LOIHGM_05120,LOIHGM_05125,LOIHGM_05130
OWC_0011	RM	RM_Type_II	ICNFAJ_00895,ICNFAJ_00900
OWC_0011	pAgo	pAgo_S2B	ICNFAJ_06560,ICNFAJ_06565
OWC_0011	AbiE	AbiE	ICNFAJ_07410,ICNFAJ_07415
OWC_0015	CapRel	CapRel	GMBMAE_02550
OWC_0015	Cas	CAS_Cluster	GMBMAE_03820,GMBMAE_03825,GMBMAE_03830,GMBMAE_03835
OWC_0015	AbiE	AbiE	GMBMAE_03850,GMBMAE_03855
OWC_0015	RM	RM_Type_II	GMBMAE_05980,GMBMAE_05985,GMBMAE_05995
OWC_0021	RM	RM_Type_IV	IGLGEG_01445,IGLGEG_01450
OWC_0022	RM	RM_Type_IIG	KJICNC_04565
OWC_0023	Cas	CAS_Class1-Subtype-I-G	FNLLJE_06505,FNLLJE_06510,FNLLJE_06515,FNLLJE_06520
OWC_0023	Cas	CAS_Class1-Subtype-III-D	FNLLJE_07450,FNLLJE_07455
OWC_0023	Cas	CAS_Class1-Subtype-I-D	FNLLJE_08890,FNLLJE_08895,FNLLJE_08910
OWC_0023	Cas	CAS_Cluster	FNLLJE_11010,FNLLJE_11015,FNLLJE_11020,FNLLJE_11025
OWC_0034	RM	RM_Type_II	PFAAGF_07260,PFAAGF_07265
OWC_0037	Cas	CAS_Class1-Subtype-III-D	AEBFOO_04530,AEBFOO_04535,AEBFOO_04550
OWC_0037	Cas	CAS_Cluster	AEBFOO_06230,AEBFOO_06235
OWC_0038	Cas	CAS_Class1-Subtype-III-A	MOCAKG_14305,MOCAKG_14310,MOCAKG_14315
OWC_0048	GasderMIN	GasderMIN	DMEEOO_00325
OWC_0048	RM	RM_Type_IV	DMEEOO_00355
OWC_0049	RM	RM_Type_IIG	CBDDCP_02885
OWC_0049	AbiE	AbiE	CBDDCP_03365,CBDDCP_03370
OWC_0049	Cas	CAS_Cluster	CBDDCP_07680,CBDDCP_07685
OWC_0049	PsyrTA	PsyrTA	CBDDCP_08080,CBDDCP_08085
OWC_0049	Cas	CAS_Class1-Subtype-III-B	CBDDCP_08595,CBDDCP_08600,CBDDCP_08605,CBDDCP_08610,CBDDCP_08615,CBDDCP_08620,CBDDCP_08625
OWC_0049	RM	RM_Type_I	CBDDCP_09145,CBDDCP_09170
OWC_0049	Cas	CAS_Class1-Subtype-I-B	CBDDCP_09575,CBDDCP_09580,CBDDCP_09585,CBDDCP_09590,CBDDCP_09595,CBDDCP_09600,CBDDCP_09605,CBDDCP_09610
OWC_0056	RM	RM_Type_I	KJFLPH_07990,KJFLPH_07995
OWC_0056	Cas	CAS_Cluster	KJFLPH_10820,KJFLPH_10825
OWC_0057	RM	RM_Type_II	JAAHJL_07650,JAAHJL_07655
OWC_0057	Dnd	Dnd_ABCDE	JAAHJL_07680,JAAHJL_07705,JAAHJL_07710,JAAHJL_07715,JAAHJL_07720,JAAHJL_07725
OWC_0058	Shedu	Shedu	KILFMP_01280
OWC_0058	RM	RM_Type_II	KILFMP_01610,KILFMP_01615
OWC_0058	AbiE	AbiE	KILFMP_02210,KILFMP_02215
OWC_0058	Avs	Avs_IV	KILFMP_02220
OWC_0058	Cas	CAS_Class1-Subtype-I-C	KILFMP_03980,KILFMP_03985,KILFMP_03990,KILFMP_03995,KILFMP_04000,KILFMP_04005,KILFMP_04010
OWC_0058	Shango	Shango	KILFMP_05290,KILFMP_05295,KILFMP_05300
OWC_0058	Rst_HelicaseDUF2290	Rst_HelicaseDUF2290	KILFMP_05595,KILFMP_05600
OWC_0058	RM	RM_Type_IIG	KILFMP_07765
OWC_0058	Cas	CAS_Class1-Subtype-I-B	KILFMP_09790,KILFMP_09795,KILFMP_09800,KILFMP_09805,KILFMP_09810,KILFMP_09815,KILFMP_09820,KILFMP_09825
OWC_0066	pAgo	pAgo_S2B	JKOPCH_02490
OWC_0081	AbiE	AbiE	KEANBK_07170,KEANBK_07175
OWC_0087	Wadjet	Wadjet_I	MNJPNF_04535,MNJPNF_04540,MNJPNF_04545,MNJPNF_04550
OWC_0087	SoFIC	SoFic	MNJPNF_07660
OWC_0089	MazEF	MazEF	BLOILA_01935,BLOILA_01940
OWC_0092	RM	RM_Type_II	HDDJDA_02425,HDDJDA_02430
OWC_0093	MazEF	MazEF	GOLNEG_04540,GOLNEG_04545
OWC_0093	RM	RM_Type_II	GOLNEG_10465,GOLNEG_10470
OWC_0093	Cas	CAS_Cluster	GOLNEG_12190,GOLNEG_12195,GOLNEG_12200
OWC_0094	RM	RM_Type_II	LKNGKH_02855,LKNGKH_02860
OWC_0094	RM	RM_Type_IV	LKNGKH_08805
OWC_0094	SoFIC	SoFic	LKNGKH_08860
OWC_0097	Cas	CAS_Class1-Subtype-I-E	EGBEKF_10130,EGBEKF_10135
OWC_0097	PfiAT	PfiAT	EGBEKF_10140,EGBEKF_10145
OWC_0100	RM	RM_Type_I	COOJHP_10210,COOJHP_10235
OWC_0100	RM	RM_Type_II	COOJHP_13565,COOJHP_13570
OWC_0101	Cas	CAS_Class1-Subtype-I-C	LCOPAF_03375,LCOPAF_03395,LCOPAF_03400
OWC_0102	RM	RM_Type_II	JCHCFI_01180,JCHCFI_01190
OWC_0102	RM	RM_Type_IIG	JCHCFI_11810
OWC_0102	RM	RM_Type_II	JCHCFI_12595,JCHCFI_12605
OWC_0102	MazEF	MazEF	JCHCFI_13295,JCHCFI_13300
OWC_0103	RM	RM_Type_IIG	ICFOIA_03160
OWC_0103	RM	RM_Type_II	ICFOIA_05475,ICFOIA_05485
OWC_0103	RM	RM_Type_II	ICFOIA_09040,ICFOIA_09045
OWC_0103	RM	RM_Type_II	ICFOIA_11845,ICFOIA_11850
OWC_0104	Wadjet	Wadjet_I	GEDKND_00120,GEDKND_00125,GEDKND_00130
OWC_0104	MazEF	MazEF	GEDKND_00325,GEDKND_00330
OWC_0104	Cas	CAS_Class2-Subtype-II-C	GEDKND_02060,GEDKND_02065,GEDKND_02070
OWC_0104	RM	RM_Type_II	GEDKND_02300,GEDKND_02305
OWC_0104	Cas	CAS_Class1-Subtype-I-F	GEDKND_02680,GEDKND_02685,GEDKND_02690,GEDKND_02695
OWC_0104	RM	RM_Type_II	GEDKND_02960,GEDKND_02965
OWC_0104	Cas	CAS_Class1-Subtype-I-C	GEDKND_04805,GEDKND_04820,GEDKND_04830,GEDKND_04835
OWC_0104	RM	RM_Type_IIG	GEDKND_04870
OWC_0104	Cas	CAS_Class1-Subtype-I-F	GEDKND_08260,GEDKND_08265
OWC_0105	Cas	CAS_Class1-Subtype-I-F	KPJEMF_06375,KPJEMF_06380,KPJEMF_06385
OWC_0124	Paris	PARIS_I_merge	GIBNCM_00455
OWC_0124	Gao_Upx	Gao_Upx	GIBNCM_08760
OWC_0140	PD-T4-2	PD-T4-2	JFOADK_01425,JFOADK_01430
OWC_0141	RM	RM_Type_II	HGCNMP_05125,HGCNMP_05130
OWC_0141	CapRel	CapRel	HGCNMP_05280
OWC_0144	SoFIC	SoFic	DACFFH_04520
OWC_0147	RM	RM_Type_IIG	CMBCCH_02125
OWC_0148	AbiE	AbiE	FCHAIC_06010,FCHAIC_06015
OWC_0148	AbiE	AbiE	FCHAIC_07335,FCHAIC_07340
OWC_0159	AbiE	AbiE	ILODHN_00010,ILODHN_00015
OWC_0159	AbiE	AbiE	ILODHN_02940,ILODHN_02945
OWC_0161	AbiE	AbiE	IDPELN_04215,IDPELN_04220
OWC_0163	Cas	CAS_Class1-Subtype-I-G	JONOAL_01965,JONOAL_01970
OWC_0164	AbiE	AbiE	OMCGBE_04500,OMCGBE_04505
OWC_0173	AbiE	AbiE	ABDFHP_09795,ABDFHP_09800
OWC_0178	Cas	CAS_Class1-Subtype-I-B	LCDOJG_01235,LCDOJG_01240,LCDOJG_01245
OWC_0179	Hna	Hna	ILHIEP_07920
OWC_0181	RM	RM_Type_II	EJFKCP_00870,EJFKCP_00875
OWC_0181	RM	RM_Type_II	EJFKCP_03490,EJFKCP_03495
OWC_0182	AbiE	AbiE	DNIBKK_05795,DNIBKK_05800
OWC_0182	Cas	CAS_Class1-Subtype-I-G	DNIBKK_08260,DNIBKK_08265,DNIBKK_08270
OWC_0184	AbiE	AbiE	KCONKA_07415,KCONKA_07420
OWC_0198	RM	RM_Type_IV	HLDGND_04935,HLDGND_04940
OWC_0216	GasderMIN	GasderMIN	LGDCBP_00195
OWC_0235	Shedu	Shedu	HIFHCN_06425
OWC_0240	RM	RM_Type_IIG	LOJODK_04335
OWC_0245	Cas	CAS_Cluster	NDOHJO_06085,NDOHJO_06090,NDOHJO_06095
OWC_0263	PD-T7-4	PD-T7-4	PBBBBN_01510
OWC_0264	RM	RM_Type_IIG	GBKOEF_02065
OWC_0264	pAgo	pAgo_LongA	GBKOEF_04150
OWC_0264	Cas	CAS_Class1-Subtype-I-B	GBKOEF_04685,GBKOEF_04690,GBKOEF_04695,GBKOEF_04700
OWC_0264	PD-T7-4	PD-T7-4	GBKOEF_07845
OWC_0270	PD-T7-4	PD-T7-4	HPKOPJ_01025
OWC_0290	AbiB	AbiB	COMAEC_05625
OWC_0316	PD-T4-3	PD-T4-3	BNBBOE_04025
OWC_0318	SoFIC	SoFic	JGEJEB_00570
OWC_0318	AbiJ	AbiJ	JGEJEB_00685
OWC_0318	CBASS	CBASS_II	JGEJEB_01695,JGEJEB_01700,JGEJEB_01705
OWC_0318	DarTG	DarTG	JGEJEB_04655,JGEJEB_04660
OWC_0318	RM	RM_Type_I	JGEJEB_13675,JGEJEB_13680
OWC_0319	Cas	CAS_Class1-Subtype-I-C	INAHFK_00495,INAHFK_00500,INAHFK_00505,INAHFK_00510,INAHFK_00515,INAHFK_00520,INAHFK_00525
OWC_0319	AbiU	AbiU	INAHFK_00890
OWC_0319	RM	RM_Type_II	INAHFK_02545,INAHFK_02550,INAHFK_02565
OWC_0319	RM	RM_Type_IIG	INAHFK_02850
OWC_0319	RM	RM_Type_I	INAHFK_04040,INAHFK_04055,INAHFK_04070
OWC_0319	RM	RM_Type_I	INAHFK_14045,INAHFK_14050
OWC_0320	RM	RM_Type_II	NEDJCP_09485,NEDJCP_09490
OWC_0321	SoFIC	SoFic	GMNFKN_03390
OWC_0321	Kiwa	Kiwa	GMNFKN_04905,GMNFKN_04910
OWC_0322	Cas	CAS_Class1-Subtype-I-E	JHBDKF_10020,JHBDKF_10025,JHBDKF_10030,JHBDKF_10035,JHBDKF_10040,JHBDKF_10045
OWC_0322	SoFIC	SoFic	JHBDKF_18005
OWC_0322	GasderMIN	GasderMIN	JHBDKF_18245
OWC_0328	AbiJ	AbiJ	MFAIEB_12885
OWC_0329	Hachiman	Hachiman	LNNIMG_05940,LNNIMG_05945
OWC_0329	AbiE	AbiE	LNNIMG_13010,LNNIMG_13015
OWC_0329	RM	RM_Type_II	LNNIMG_26155,LNNIMG_26160
OWC_0330	RM	RM_Type_IV	AKDOMD_17080
OWC_0331	MazEF	MazEF	AELGPI_00145,AELGPI_00150
OWC_0334	Hna	Hna	MADBLK_02725
OWC_0335	RM	RM_Type_II	FJGDII_13100,FJGDII_13105
OWC_0337	MazEF	MazEF	AJPEFO_14030,AJPEFO_14035
OWC_0337	Cas	CAS_Class1-Subtype-III-A	AJPEFO_18100,AJPEFO_18105,AJPEFO_18110
OWC_0337	DarTG	DarTG	AJPEFO_23525,AJPEFO_23530
OWC_0338	Cas	CAS_Class1-Subtype-III-A	IPMFFK_01475,IPMFFK_01480,IPMFFK_01485,IPMFFK_01490
OWC_0339	Cas	CAS_Class1-Subtype-III-A	AKLEKD_04195,AKLEKD_04200,AKLEKD_04205,AKLEKD_04210
OWC_0339	CBASS	CBASS_I	AKLEKD_18740,AKLEKD_18745
OWC_0340	MazEF	MazEF	DCEMGD_00770,DCEMGD_00775
OWC_0340	Cas	CAS_Class1-Subtype-III-A	DCEMGD_01300,DCEMGD_01305
OWC_0342	MazEF	MazEF	MKJHOD_12835,MKJHOD_12840
OWC_0342	Cas	CAS_Class1-Subtype-III-A	MKJHOD_21860,MKJHOD_21865,MKJHOD_21870
OWC_0344	MazEF	MazEF	CBJPJL_16595,CBJPJL_16600
OWC_0345	Cas	CAS_Class1-Subtype-III-A	PLONHE_10160,PLONHE_10165
OWC_0346	MazEF	MazEF	LFGGJH_03785,LFGGJH_03790
OWC_0346	RM	RM_Type_IIG	LFGGJH_10885
OWC_0346	Cas	CAS_Class1-Subtype-III-A	LFGGJH_18810,LFGGJH_18815,LFGGJH_18820,LFGGJH_18825
OWC_0346	Cas	CAS_Class1-Subtype-III-A	LFGGJH_29560,LFGGJH_29565
OWC_0347	DarTG	DarTG	OJIJPG_01170,OJIJPG_01175
OWC_0347	AbiE	AbiE	OJIJPG_07705,OJIJPG_07710
OWC_0347	Cas	CAS_Class1-Subtype-III-A	OJIJPG_12370,OJIJPG_12375
OWC_0347	AbiE	AbiE	OJIJPG_16425,OJIJPG_16430
OWC_0348	Cas	CAS_Class1-Subtype-III-A	NBHACE_05150,NBHACE_05155,NBHACE_05160,NBHACE_05165
OWC_0348	CapRel	CapRel	NBHACE_06760
OWC_0349	MazEF	MazEF	PBJKPO_06590,PBJKPO_06595
OWC_0349	Cas	CAS_Class1-Subtype-III-A	PBJKPO_07840,PBJKPO_07845,PBJKPO_07850
OWC_0350	Cas	CAS_Class1-Subtype-I-G	NOFLCC_02940,NOFLCC_02945,NOFLCC_02950,NOFLCC_02955,NOFLCC_02960,NOFLCC_02965
OWC_0350	RM	RM_Type_II	NOFLCC_06645,NOFLCC_06650
OWC_0350	Cas	CAS_Class1-Subtype-III-A	NOFLCC_09250,NOFLCC_09255,NOFLCC_09260
OWC_0350	Cas	CAS_Cluster	NOFLCC_11455,NOFLCC_11460,NOFLCC_11465
OWC_0350	RM	RM_Type_I	NOFLCC_14955,NOFLCC_14965,NOFLCC_14970
OWC_0350	Cas	CAS_Class1-Subtype-III-B	NOFLCC_16285,NOFLCC_16295,NOFLCC_16300,NOFLCC_16305,NOFLCC_16310,NOFLCC_16315,NOFLCC_16320
OWC_0350	DarTG	DarTG	NOFLCC_19940,NOFLCC_19945
OWC_0350	Cas	CAS_Class1-Subtype-III-A	NOFLCC_20735,NOFLCC_20745,NOFLCC_20750,NOFLCC_20755,NOFLCC_20760
OWC_0350	PsyrTA	PsyrTA	NOFLCC_24160,NOFLCC_24165
OWC_0350	RM	RM_Type_IV	NOFLCC_25670
OWC_0350	RM	RM_Type_II	NOFLCC_25690,NOFLCC_25695
OWC_0350	RM	RM_Type_II	NOFLCC_29475,NOFLCC_29480
OWC_0350	RM	RM_Type_IIG	NOFLCC_32815
OWC_0351	Rst_HelicaseDUF2290	Rst_HelicaseDUF2290	LNEGNN_03515,LNEGNN_03520
OWC_0351	RM	RM_Type_II	LNEGNN_05340,LNEGNN_05345
OWC_0351	RM	RM_Type_IIG	LNEGNN_05985
OWC_0351	Septu	Septu	LNEGNN_07010,LNEGNN_07015
OWC_0351	Cas	CAS_Class1-Subtype-III-A	LNEGNN_07665,LNEGNN_07670,LNEGNN_07675
OWC_0351	Septu	Septu	LNEGNN_11585,LNEGNN_11590
OWC_0351	RM	RM_Type_II	LNEGNN_12780,LNEGNN_12785
OWC_0351	Cas	CAS_Class2-Subtype-II-C	LNEGNN_15640,LNEGNN_15645,LNEGNN_15650
OWC_0351	Cas	CAS_Class1-Subtype-I-C	LNEGNN_19505,LNEGNN_19510,LNEGNN_19515,LNEGNN_19520,LNEGNN_19525,LNEGNN_19530,LNEGNN_19535
OWC_0353	Cas	CAS_Class1-Subtype-III-A	ODIECM_05965,ODIECM_05970
OWC_0354	Cas	CAS_Class1-Subtype-III-A	EOPMMK_14665,EOPMMK_14670,EOPMMK_14675
OWC_0355	Cas	CAS_Class1-Subtype-III-A	CKAKJA_13245,CKAKJA_13250,CKAKJA_13255
OWC_0356	Paris	PARIS_I	NALJEF_13300,NALJEF_13305
OWC_0358	RM	RM_Type_II	BBMKJB_04885,BBMKJB_04890
OWC_0358	pAgo	pAgo_SPARTA	BBMKJB_08780,BBMKJB_08785
OWC_0359	Cas	CAS_Class1-Subtype-I-C	JGHPKC_01180,JGHPKC_01185
OWC_0359	CapRel	CapRel	JGHPKC_07890
OWC_0359	Gao_RL	Gao_RL	JGHPKC_08340,JGHPKC_08345,JGHPKC_08350,JGHPKC_08355
OWC_0359	Cas	CAS_Class1-Type-I	JGHPKC_15880,JGHPKC_15885,JGHPKC_15890,JGHPKC_15895
OWC_0360	Avs	Avs_IV	GBEFBP_11270
OWC_0361	Hna	Hna	DDMPLN_00325
OWC_0361	Cas	CAS_Class1-Subtype-I-C	DDMPLN_06045,DDMPLN_06050,DDMPLN_06055,DDMPLN_06060,DDMPLN_06065,DDMPLN_06070,DDMPLN_06075
OWC_0361	RM	RM_Type_IIG	DDMPLN_09480
OWC_0361	AbiE	AbiE	DDMPLN_21200,DDMPLN_21205
OWC_0362	Cas	CAS_Class1-Subtype-I-E	ELJPJD_12825,ELJPJD_12830,ELJPJD_12840
OWC_0364	CBASS	CBASS_II	IGHEDE_05305,IGHEDE_05310,IGHEDE_05315
OWC_0364	Gabija	Gabija	IGHEDE_07565,IGHEDE_07570
OWC_0366	Lamassu-Fam	Lamassu-Mrr	FJLKBF_10295,FJLKBF_10300,FJLKBF_10305
OWC_0366	SoFIC	SoFic	FJLKBF_15035
OWC_0367	Azaca	Azaca	PCEOPH_05070,PCEOPH_05075,PCEOPH_05080
OWC_0367	SoFIC	SoFic	PCEOPH_07215
OWC_0367	RM	RM_Type_II	PCEOPH_09770,PCEOPH_09775
OWC_0367	BREX	BREX_I	PCEOPH_09930,PCEOPH_09935,PCEOPH_09940,PCEOPH_09950
OWC_0370	CBASS	CBASS_I	AFDHGF_03685,AFDHGF_03690
OWC_0370	Tiamat	Tiamat	AFDHGF_13465
OWC_0370	Shedu	Shedu	AFDHGF_13695
OWC_0370	pAgo	pAgo_S1B	AFDHGF_21315,AFDHGF_21320
OWC_0370	RM	RM_Type_I	AFDHGF_21325,AFDHGF_21330,AFDHGF_21335
OWC_0370	RloC	RloC	AFDHGF_22525
OWC_0370	RM	RM_Type_II	AFDHGF_23220,AFDHGF_23225,AFDHGF_23230
OWC_0370	Lamassu-Fam	Lamassu-Mrr	AFDHGF_23485,AFDHGF_23490,AFDHGF_23495
OWC_0370	Hachiman	Hachiman	AFDHGF_26855,AFDHGF_26860
OWC_0371	RM	RM_Type_IV	HFILJB_12160
OWC_0372	MazEF	MazEF	KNGFEF_08025,KNGFEF_08030
OWC_0373	MazEF	MazEF	GAFPPO_04115,GAFPPO_04120
OWC_0374	MazEF	MazEF	KEMHJC_09880,KEMHJC_09885
OWC_0374	SoFIC	SoFic	KEMHJC_11305
OWC_0377	MazEF	MazEF	DMOFPB_03370,DMOFPB_03375
OWC_0378	MazEF	MazEF	JELLCG_08225,JELLCG_08230
OWC_0380	MazEF	MazEF	PICIPA_09765,PICIPA_09770
OWC_0384	MazEF	MazEF	OEDNIC_04515,OEDNIC_04520
OWC_0386	MazEF	MazEF	LGLFEK_06855,LGLFEK_06860
OWC_0396	AbiE	AbiE	LBPEGB_08855,LBPEGB_08860
OWC_0400	Cas	CAS_Class1-Subtype-I-C	GGMBLO_03425,GGMBLO_03430,GGMBLO_03435,GGMBLO_03440,GGMBLO_03445,GGMBLO_03460
OWC_0400	RM	RM_Type_I	GGMBLO_06490,GGMBLO_06500
OWC_0405	RloC	RloC	MPOLEB_01695
OWC_0405	MazEF	MazEF	MPOLEB_12210,MPOLEB_12215
OWC_0406	SoFIC	SoFic	NEDLNI_06685
OWC_0406	RM	RM_Type_I	NEDLNI_12115,NEDLNI_12130
OWC_0406	RM	RM_Type_II	NEDLNI_12420,NEDLNI_12430
OWC_0408	AbiE	AbiE	JBANCI_00505,JBANCI_00510
OWC_0414	MazEF	MazEF	PHCAKP_02375,PHCAKP_02380
OWC_0421	MazEF	MazEF	HCKKJK_05210,HCKKJK_05215
OWC_0429	SanaTA	SanaTA	ICCBNC_14500,ICCBNC_14505
OWC_0429	dCTPdeaminase	dCTPdeaminase	ICCBNC_15515
OWC_0429	Cas	CAS_Cluster	ICCBNC_28410,ICCBNC_28415,ICCBNC_28420
OWC_0430	MazEF	MazEF	ACNCOD_13915,ACNCOD_13920
OWC_0431	RloC	RloC	HAJPPD_09805
OWC_0431	RloC	RloC	HAJPPD_10745
OWC_0432	Cas	CAS_Class1-Subtype-I-G	IHCGBK_14050,IHCGBK_14055,IHCGBK_14060,IHCGBK_14065,IHCGBK_14070
OWC_0433	MazEF	MazEF	GCCNDK_09990,GCCNDK_09995
OWC_0437	MazEF	MazEF	JFAJKC_09245,JFAJKC_09250
OWC_0438	MazEF	MazEF	FIJKFG_05405,FIJKFG_05410
OWC_0440	AbiE	AbiE	GNHOHH_12895,GNHOHH_12900
OWC_0440	MazEF	MazEF	GNHOHH_16275,GNHOHH_16280
OWC_0442	AbiE	AbiE	POHBCG_10280,POHBCG_10285
OWC_0453	MazEF	MazEF	DDJKML_02235,DDJKML_02240
OWC_0453	RM	RM_Type_I	DDJKML_07365,DDJKML_07370,DDJKML_07375
OWC_0453	RM	RM_Type_IV	DDJKML_07790
OWC_0453	SoFIC	SoFic	DDJKML_13545
OWC_0453	Cas	CAS_Class1-Subtype-I-E	DDJKML_21190,DDJKML_21195,DDJKML_21200,DDJKML_21205,DDJKML_21210,DDJKML_21215
OWC_0453	Shedu	Shedu	DDJKML_21230
OWC_0453	Kiwa	Kiwa	DDJKML_21250,DDJKML_21255
OWC_0454	GasderMIN	GasderMIN	AHMDOH_12555
OWC_0457	AbiE	AbiE	KKEJLB_01505,KKEJLB_01510
OWC_0459	AbiU	AbiU	KPCOGL_03690
OWC_0467	SoFIC	SoFic	OJGGFP_12675
OWC_0469	SoFIC	SoFic	LEPKEF_12525
OWC_0473	AbiE	AbiE	EPCNKJ_03525,EPCNKJ_03530
OWC_0474	AbiE	AbiE	GOOPHA_08690,GOOPHA_08695
OWC_0475	AbiV	AbiV	AAADBO_09080
OWC_0480	SoFIC	SoFic	MHNONG_03300
OWC_0484	MazEF	MazEF	OJOCCE_06395,OJOCCE_06400
OWC_0487	MazEF	MazEF	BGOCFB_01055,BGOCFB_01060
OWC_0489	MazEF	MazEF	MGDEGP_11020,MGDEGP_11025
OWC_0492	MazEF	MazEF	MALCEG_03500,MALCEG_03505
OWC_0496	MazEF	MazEF	NBLCDA_11550,NBLCDA_11555
OWC_0497	SoFIC	SoFic	KCOKMI_18765
OWC_0498	MazEF	MazEF	OOHNCB_10870,OOHNCB_10875
OWC_0502	RM	RM_Type_I	HMNIND_00375,HMNIND_00395,HMNIND_00400
OWC_0502	AbiE	AbiE	HMNIND_00380,HMNIND_00385
OWC_0502	MazEF	MazEF	HMNIND_17055,HMNIND_17060
OWC_0504	FS_HP	FS_HP	EHDBDN_06115
OWC_0505	MazEF	MazEF	ACNLNC_13885,ACNLNC_13890
OWC_0506	Septu	Septu	ECNNLA_02415,ECNNLA_02420
OWC_0506	Cas	CAS_Class1-Subtype-III-D	ECNNLA_10295,ECNNLA_10300,ECNNLA_10305,ECNNLA_10310,ECNNLA_10315
OWC_0506	Cas	CAS_Class1-Subtype-I-C	ECNNLA_10940,ECNNLA_10945,ECNNLA_10950
OWC_0506	AbiE	AbiE	ECNNLA_16470,ECNNLA_16475
OWC_0506	RM	RM_Type_IIG	ECNNLA_20000
OWC_0508	PsyrTA	PsyrTA	MBDCCP_09755,MBDCCP_09760
OWC_0510	SoFIC	SoFic	IKIOAE_01720
OWC_0512	RosmerTA	RosmerTA	KLAHDP_13065,KLAHDP_13070
OWC_0512	RM	RM_Type_I	KLAHDP_13365,KLAHDP_13370
OWC_0512	RM	RM_Type_IIG	KLAHDP_17825
OWC_0514	AbiE	AbiE	BPFEPH_02285,BPFEPH_02290
OWC_0518	AbiE	AbiE	PNFLCC_01185,PNFLCC_01190
OWC_0519	SoFIC	SoFic	EPACII_03530
OWC_0520	Wadjet	Wadjet_I	HMEBBN_00810,HMEBBN_00815,HMEBBN_00820
OWC_0520	Lamassu-Fam	Lamassu-Protease	HMEBBN_00815,HMEBBN_00835
OWC_0520	Lamassu-Fam	Lamassu-Protease	HMEBBN_00815,HMEBBN_00835
OWC_0521	dCTPdeaminase	dCTPdeaminase	LIGNFM_09690
OWC_0522	RM	RM_Type_IV	GALKKM_23385
OWC_0524	AbiD	AbiD	LHACEF_19520
OWC_0532	CBASS	CBASS_II	GBIJGG_16600,GBIJGG_16605,GBIJGG_16610,GBIJGG_16615
OWC_0533	MazEF	MazEF	FPKMCH_01705,FPKMCH_01710
OWC_0533	RM	RM_Type_II	FPKMCH_07525,FPKMCH_07535,FPKMCH_07540
OWC_0533	RM	RM_Type_IIG	FPKMCH_07855
OWC_0533	Shedu	Shedu	FPKMCH_15695
OWC_0539	RM	RM_Type_II	PPHGCK_16440,PPHGCK_16445
OWC_0540	SoFIC	SoFic	JDIBPM_07410
OWC_0540	RM	RM_Type_II	JDIBPM_08150,JDIBPM_08155
OWC_0550	MazEF	MazEF	BGCNDP_02400,BGCNDP_02405
OWC_0550	SoFIC	SoFic	BGCNDP_07795
OWC_0550	Cas	CAS_Cluster	BGCNDP_09525,BGCNDP_09530
OWC_0550	AbiE	AbiE	BGCNDP_21030,BGCNDP_21035
OWC_0550	RM	RM_Type_I	BGCNDP_21450,BGCNDP_21460,BGCNDP_21465
OWC_0550	Cas	CAS_Class1-Subtype-I-C	BGCNDP_23180,BGCNDP_23185
OWC_0552	SoFIC	SoFic	DLHEFP_05295
OWC_0552	SoFIC	SoFic	DLHEFP_19350
OWC_0554	AbiE	AbiE	HDOAMN_07875,HDOAMN_07880
OWC_0554	SoFIC	SoFic	HDOAMN_08940
OWC_0559	RM	RM_Type_IIG	BOMLNM_06610
OWC_0559	RM	RM_Type_I	BOMLNM_06860,BOMLNM_06865,BOMLNM_06875
OWC_0559	AbiE	AbiE	BOMLNM_08520,BOMLNM_08525
OWC_0559	MazEF	MazEF	BOMLNM_12040,BOMLNM_12045
OWC_0559	PD-T4-7	PD-T4-7	BOMLNM_20870
OWC_0559	RM	RM_Type_I	BOMLNM_20905,BOMLNM_20910,BOMLNM_20925
OWC_0559	Kiwa	Kiwa	BOMLNM_20915,BOMLNM_20920
OWC_0559	RM	RM_Type_I	BOMLNM_22880,BOMLNM_22885,BOMLNM_22905
OWC_0559	RloC	RloC	BOMLNM_22890
OWC_0561	Wadjet	Wadjet_I	KMAPFF_01980,KMAPFF_01985,KMAPFF_01995
OWC_0561	MazEF	MazEF	KMAPFF_05860,KMAPFF_05865
OWC_0561	Cas	CAS_Cluster	KMAPFF_08305,KMAPFF_08310,KMAPFF_08315,KMAPFF_08320,KMAPFF_08325
OWC_0562	AbiE	AbiE	HBKAMD_07560,HBKAMD_07565
OWC_0567	Cas	CAS_Cluster	NPDPCJ_06840,NPDPCJ_06845,NPDPCJ_06850
OWC_0572	PfiAT	PfiAT	IHPJGE_08095,IHPJGE_08100
OWC_0573	GasderMIN	GasderMIN	MEGIGH_11055
OWC_0574	RM	RM_Type_IIG	LMMKGH_11480
OWC_0575	RM	RM_Type_IIG	AMIANG_06575
OWC_0576	RM	RM_Type_IIG	AGOADH_05015
OWC_0576	MazEF	MazEF	AGOADH_23310,AGOADH_23315,AGOADH_23325
OWC_0577	AbiE	AbiE	AGABCM_01530,AGABCM_01535
OWC_0577	pAgo	pAgo_LongB	AGABCM_02265
OWC_0577	Cas	CAS_Class1-Subtype-I-G	AGABCM_18635,AGABCM_18640,AGABCM_18645,AGABCM_18650
OWC_0578	RM	RM_Type_IIG	MMMKGC_10275
OWC_0580	MazEF	MazEF	HENOLH_05405,HENOLH_05410
OWC_0581	RM	RM_Type_IIG	OEMOOJ_00435
OWC_0582	SoFIC	SoFic	NDIACH_12835
OWC_0583	RM	RM_Type_IIG	EEKBIK_01445
OWC_0584	SEFIR	SEFIR	IDJGHF_02550
OWC_0584	MazEF	MazEF	IDJGHF_13085,IDJGHF_13090
OWC_0584	MazEF	MazEF	IDJGHF_15865,IDJGHF_15870
OWC_0586	SEFIR	SEFIR	LPNLJJ_13525
OWC_0588	AbiE	AbiE	JEOEPG_08390,JEOEPG_08395
OWC_0588	AbiE	AbiE	JEOEPG_13470,JEOEPG_13475
OWC_0590	RM	RM_Type_IIG	OGMGIE_01920
OWC_0591	SoFIC	SoFic	HAFLMO_08280
OWC_0592	RM	RM_Type_IIG	JKDINJ_00990
OWC_0594	RM	RM_Type_IIG	BPIFGA_01045
OWC_0595	SoFIC	SoFic	APKOJM_18395
OWC_0597	SoFIC	SoFic	OKPEHN_05190
OWC_0597	AbiE	AbiE	OKPEHN_11350,OKPEHN_11355
OWC_0598	RM	RM_Type_IIG	HPOOIO_00015
OWC_0599	SEFIR	SEFIR	DGGFGO_10950
OWC_0599	MazEF	MazEF	DGGFGO_16085,DGGFGO_16090
OWC_0602	SoFIC	SoFic	FHCGDG_01715
OWC_0604	SoFIC	SoFic	HOPEAN_08355
OWC_0606	MazEF	MazEF	FDHFAA_06180,FDHFAA_06185
OWC_0607	RM	RM_Type_IIG	IEOKBB_04295
OWC_0607	MazEF	MazEF	IEOKBB_10180,IEOKBB_10185
OWC_0609	RM	RM_Type_IIG	ILOGLL_05000
OWC_0611	RM	RM_Type_IIG	GDMDAM_02540
OWC_0615	RM	RM_Type_IIG	ODJLJO_09245
OWC_0617	RM	RM_Type_IIG	HICACL_07475
OWC_0618	RM	RM_Type_IIG	EFPDKP_02445
OWC_0618	MazEF	MazEF	EFPDKP_04110,EFPDKP_04115
OWC_0620	MazEF	MazEF	PBONJB_02885,PBONJB_02890
OWC_0620	RM	RM_Type_IIG	PBONJB_11390
OWC_0621	MazEF	MazEF	IALNEM_04240,IALNEM_04245
OWC_0622	RM	RM_Type_IIG	JIOMKC_03550
OWC_0623	RM	RM_Type_IIG	OOMBLM_02605
OWC_0625	AbiE	AbiE	JEMLOL_01320,JEMLOL_01325
OWC_0625	AbiE	AbiE	JEMLOL_03400,JEMLOL_03405
OWC_0627	RM	RM_Type_IIG	NPKNKF_04280
OWC_0627	RM	RM_Type_IIG	NPKNKF_13935
OWC_0630	RM	RM_Type_IIG	MDAGDI_02290
OWC_0631	SanaTA	SanaTA	GCKHIJ_00735,GCKHIJ_00740
OWC_0631	Cas	CAS_Class1-Subtype-I-G	GCKHIJ_01440,GCKHIJ_01445,GCKHIJ_01450,GCKHIJ_01455
OWC_0631	Cas	CAS_Class1-Subtype-I-G	GCKHIJ_05570,GCKHIJ_05575,GCKHIJ_05580,GCKHIJ_05585,GCKHIJ_05595,GCKHIJ_05600
OWC_0631	SoFIC	SoFic	GCKHIJ_14545
OWC_0631	RM	RM_Type_IIG	GCKHIJ_16900
OWC_0631	SoFIC	SoFic	GCKHIJ_17205
OWC_0631	RM	RM_Type_IIG	GCKHIJ_17500
OWC_0631	RM	RM_Type_I	GCKHIJ_19670,GCKHIJ_19675,GCKHIJ_19680
OWC_0631	MazEF	MazEF	GCKHIJ_22965,GCKHIJ_22970
OWC_0631	PD-T7-5	PD-T7-5	GCKHIJ_22980
OWC_0631	pAgo	pAgo_SPARTA	GCKHIJ_26780,GCKHIJ_26785
OWC_0631	RM	RM_Type_IV	GCKHIJ_27560,GCKHIJ_27565
OWC_0631	AbiE	AbiE	GCKHIJ_28150,GCKHIJ_28155
OWC_0631	MazEF	MazEF	GCKHIJ_28565,GCKHIJ_28570
OWC_0631	AbiE	AbiE	GCKHIJ_28585,GCKHIJ_28590
OWC_0631	RM	RM_Type_I	GCKHIJ_28695,GCKHIJ_28700,GCKHIJ_28705
OWC_0632	SoFIC	SoFic	HCHLAL_17245
OWC_0633	GasderMIN	GasderMIN	AOBNFH_06355
OWC_0634	RM	RM_Type_IIG	JJCBFJ_00375
OWC_0657	GasderMIN	GasderMIN	BABENO_05460
OWC_0659	Wadjet	Wadjet_II	CAGNED_00185,CAGNED_00190,CAGNED_00195,CAGNED_00200
OWC_0659	Cas	CAS_Class1-Subtype-I-G	CAGNED_01340,CAGNED_01345,CAGNED_01350,CAGNED_01355,CAGNED_01360,CAGNED_01365
OWC_0659	Wadjet	Wadjet_I	CAGNED_06795,CAGNED_06800,CAGNED_06805,CAGNED_06810
OWC_0659	RM	RM_Type_IIG	CAGNED_11770
OWC_0659	RosmerTA	RosmerTA	CAGNED_11795,CAGNED_11800
OWC_0659	Thoeris	Thoeris_I	CAGNED_14615,CAGNED_14620
OWC_0659	AbiE	AbiE	CAGNED_15150,CAGNED_15155
OWC_0662	SoFIC	SoFic	CHMIBA_01855
OWC_0662	AbiE	AbiE	CHMIBA_06900,CHMIBA_06905
OWC_0662	MazEF	MazEF	CHMIBA_09635,CHMIBA_09640
OWC_0662	AbiU	AbiU	CHMIBA_09790
OWC_0662	RM	RM_Type_IIG	CHMIBA_11530
OWC_0662	pAgo	pAgo_S2B	CHMIBA_12920,CHMIBA_12925
OWC_0663	SoFIC	SoFic	BPBJLD_00915
OWC_0663	RM	RM_Type_II	BPBJLD_01105,BPBJLD_01110
OWC_0667	SoFIC	SoFic	PMOENC_02235
OWC_0669	SoFIC	SoFic	IEENML_05440
OWC_0669	SoFIC	SoFic	IEENML_08435
OWC_0671	DarTG	DarTG	PNGENM_01315,PNGENM_01320
OWC_0671	SoFIC	SoFic	PNGENM_04235
OWC_0682	CBASS	CBASS_II	JDEBPH_14125,JDEBPH_14135,JDEBPH_14140,JDEBPH_14145
OWC_0688	RM	RM_Type_IV	JKCDEO_07415
OWC_0696	Cas	CAS_Class2-Subtype-II-C	PEKPOJ_02645,PEKPOJ_02650,PEKPOJ_02655
OWC_0696	RM	RM_Type_I	PEKPOJ_11810,PEKPOJ_11825,PEKPOJ_11845
OWC_0699	DRT	DRT8	CHHEKE_08530
OWC_0699	Cas	CAS_Class1-Subtype-I-C	CHHEKE_10980,CHHEKE_10985
OWC_0702	SoFIC	SoFic	MDACPG_08240
OWC_0705	Paris	PARIS_II	JGFNGO_01490,JGFNGO_01495
OWC_0705	Menshen	Menshen	JGFNGO_04940,JGFNGO_04945
OWC_0705	AbiL	AbiL	JGFNGO_09265,JGFNGO_09270
OWC_0705	PD-T4-9	PD-T4-9	JGFNGO_10570,JGFNGO_10575
OWC_0705	RM	RM_Type_IV	JGFNGO_11960
OWC_0706	RM	RM_Type_IV	PAODEC_01760
OWC_0706	RM	RM_Type_II	PAODEC_06250,PAODEC_06255
OWC_0712	SoFIC	SoFic	IGNGCF_03980
OWC_0714	RM	RM_Type_IV	HPOADP_01445
OWC_0714	Cas	CAS_Class2-Subtype-VI-B	HPOADP_01580,HPOADP_01585
OWC_0714	Cas	CAS_Class2-Subtype-II-C	HPOADP_04045,HPOADP_04060,HPOADP_04065
OWC_0714	SoFIC	SoFic	HPOADP_04550
OWC_0714	AbiL	AbiL	HPOADP_12010,HPOADP_12015
OWC_0714	pAgo	pAgo_LongB	HPOADP_12470
OWC_0714	RM	RM_Type_I	HPOADP_12475,HPOADP_12495,HPOADP_12500
OWC_0715	CBASS	CBASS_I	IHMNDD_00490,IHMNDD_00495
OWC_0715	Paris	PARIS_I	IHMNDD_00515,IHMNDD_00520
OWC_0715	Cas	CAS_Class1-Subtype-I-B	IHMNDD_00585,IHMNDD_00590,IHMNDD_00595,IHMNDD_00600,IHMNDD_00605,IHMNDD_00610,IHMNDD_00615,IHMNDD_00620,IHMNDD_00625
OWC_0715	RM	RM_Type_IIG	IHMNDD_00765
OWC_0715	RM	RM_Type_II	IHMNDD_03095,IHMNDD_03100
OWC_0715	AbiL	AbiL	IHMNDD_09875,IHMNDD_09880
OWC_0715	Hna	Hna	IHMNDD_10270
OWC_0715	RM	RM_Type_I	IHMNDD_10405,IHMNDD_10410,IHMNDD_10425
OWC_0715	AbiD	AbiD	IHMNDD_10430
OWC_0715	pAgo	pAgo_LongB	IHMNDD_10445
OWC_0715	Menshen	Menshen	IHMNDD_10685,IHMNDD_10690,IHMNDD_10695
OWC_0715	Lamassu-Fam	Lamassu-Cap4_nuclease	IHMNDD_11930,IHMNDD_11935,IHMNDD_11940
OWC_0715	Cas	CAS_Class2-Subtype-VI-B	IHMNDD_13590
OWC_0715	RM	RM_Type_I	IHMNDD_16740,IHMNDD_16745,IHMNDD_16760
OWC_0715	Septu	Septu	IHMNDD_16765,IHMNDD_16770
OWC_0715	pAgo	pAgo_LongB	IHMNDD_16775
OWC_0715	RM	RM_Type_II	IHMNDD_17055,IHMNDD_17060
OWC_0715	Septu	Septu	IHMNDD_18555,IHMNDD_18560
OWC_0719	SoFIC	SoFic	GDEIJA_06595
OWC_0721	RM	RM_Type_I	MLHAIE_00940,MLHAIE_00945
OWC_0721	SanaTA	SanaTA	MLHAIE_02190,MLHAIE_02195
OWC_0721	pAgo	pAgo_LongB	MLHAIE_03440
OWC_0721	RM	RM_Type_IV	MLHAIE_08050
OWC_0721	SEFIR	SEFIR	MLHAIE_10135
OWC_0721	Paris	PARIS_II_merge	MLHAIE_13490
OWC_0721	Cas	CAS_Class1-Subtype-I-B	MLHAIE_14975,MLHAIE_14980,MLHAIE_14985,MLHAIE_14990,MLHAIE_14995
OWC_0728	MazEF	MazEF	NMIKGM_05090,NMIKGM_05095
OWC_0728	Cas	CAS_Class1-Subtype-I-C	NMIKGM_07105,NMIKGM_07110,NMIKGM_07115,NMIKGM_07120
OWC_0729	RM	RM_Type_II	JNFPGJ_04745,JNFPGJ_04750
OWC_0729	AbiE	AbiE	JNFPGJ_05585,JNFPGJ_05590
OWC_0729	AbiH	AbiH	JNFPGJ_06140
OWC_0729	Gao_Iet	Gao_Iet	JNFPGJ_06165,JNFPGJ_06170
OWC_0729	RM	RM_Type_III	JNFPGJ_06180,JNFPGJ_06195
OWC_0729	RM	RM_Type_IIG	JNFPGJ_08175
OWC_0729	AbiE	AbiE	JNFPGJ_08185,JNFPGJ_08190
OWC_0729	MazEF	MazEF	JNFPGJ_12140,JNFPGJ_12145
OWC_0730	dGTPase	dGTPase	ILJCAG_03005
OWC_0730	Cas	CAS_Class1-Subtype-I-B	ILJCAG_05235,ILJCAG_05240,ILJCAG_05245,ILJCAG_05255,ILJCAG_05260,ILJCAG_05265,ILJCAG_05270
OWC_0730	Septu	Septu	ILJCAG_07890,ILJCAG_07895
OWC_0731	SoFIC	SoFic	PKGOLN_04270
OWC_0732	Shedu	Shedu	BMLKKO_04820
OWC_0739	RloC	RloC	GGGFAJ_20540
OWC_0748	AbiE	AbiE	FFCMAP_12475,FFCMAP_12480
OWC_0750	CBASS	CBASS_I	CGDAHB_13605,CGDAHB_13610
OWC_0750	Shedu	Shedu	CGDAHB_15435
OWC_0761	PD-Lambda-5	PD-Lambda-5	PEFEBO_04965,PEFEBO_04970
OWC_0761	Cas	CAS_Class2-Subtype-VI-B	PEFEBO_07595
OWC_0761	CBASS	CBASS_II	PEFEBO_08650,PEFEBO_08655,PEFEBO_08660
OWC_0761	Retron	Retron_III	PEFEBO_08670,PEFEBO_08675,PEFEBO_08680
OWC_0761	AbiL	AbiL	PEFEBO_11970,PEFEBO_11975
OWC_0762	RM	RM_Type_II	GLHPAD_00855,GLHPAD_00860
OWC_0762	RM	RM_Type_III	GLHPAD_09140,GLHPAD_09150
OWC_0765	Lamassu-Fam	Lamassu-Protease	FCMFEC_04660,FCMFEC_04675
OWC_0767	GasderMIN	GasderMIN	BLLPIM_03505
OWC_0767	SanaTA	SanaTA	BLLPIM_06305,BLLPIM_06310
OWC_0768	DRT	DRT_2	MLPNAC_10940
OWC_0768	RM	RM_Type_IIG	MLPNAC_10945
OWC_0768	RM	RM_Type_I	MLPNAC_13160,MLPNAC_13170,MLPNAC_13180
OWC_0768	pAgo	pAgo_LongB	MLPNAC_17325,MLPNAC_17330
OWC_0768	Pycsar	Pycsar	MLPNAC_17795,MLPNAC_17800
OWC_0768	NLR	NLR_like_bNACHT01	MLPNAC_20240
OWC_0769	MazEF	MazEF	NJKBKN_08785,NJKBKN_08790
OWC_0769	AbiE	AbiE	NJKBKN_13055,NJKBKN_13060
OWC_0770	RM	RM_Type_IV	AMNOHI_00460
OWC_0770	RM	RM_Type_I	AMNOHI_00990,AMNOHI_00995,AMNOHI_01000
OWC_0770	CapRel	CapRel	AMNOHI_01115
OWC_0770	RM	RM_Type_IIG	AMNOHI_03475
OWC_0770	RM	RM_Type_II	AMNOHI_04810,AMNOHI_04815
OWC_0770	SoFIC	SoFic	AMNOHI_05715
OWC_0770	DRT	DRT6	AMNOHI_06080
OWC_0770	RM	RM_Type_II	AMNOHI_06940,AMNOHI_06945
OWC_0770	RM	RM_Type_II	AMNOHI_07830,AMNOHI_07835
OWC_0770	RM	RM_Type_IIG	AMNOHI_09330
OWC_0770	Septu	Septu	AMNOHI_15300,AMNOHI_15305
OWC_0771	RM	RM_Type_II	ANAOKH_00690,ANAOKH_00695
OWC_0771	Gabija	Gabija	ANAOKH_09750,ANAOKH_09755
OWC_0771	SoFIC	SoFic	ANAOKH_18885
OWC_0773	Gabija	Gabija	CFMEID_01970,CFMEID_01980
OWC_0773	AbiD	AbiD	CFMEID_04140
OWC_0773	AbiH	AbiH	CFMEID_10015
OWC_0776	RM	RM_Type_IIG	PDEDHN_04890
OWC_0776	RM	RM_Type_III	PDEDHN_05140,PDEDHN_05155
OWC_0776	RM	RM_Type_IIG	PDEDHN_05460
OWC_0776	pAgo	pAgo_S1B	PDEDHN_05665,PDEDHN_05670
OWC_0776	AbiP2	AbiP2	PDEDHN_06010
OWC_0776	CBASS	CBASS_II	PDEDHN_07690,PDEDHN_07695,PDEDHN_07700
OWC_0776	RM	RM_Type_II	PDEDHN_08495,PDEDHN_08500
OWC_0776	RM	RM_Type_IIG	PDEDHN_10590
OWC_0776	RM	RM_Type_II	PDEDHN_10745,PDEDHN_10750
OWC_0776	RM	RM_Type_IIG	PDEDHN_12420
OWC_0778	SoFIC	SoFic	JFOCEC_14395
OWC_0779	AbiE	AbiE	HPBANP_02700,HPBANP_02705
OWC_0782	RM	RM_Type_III	ELPFCI_03485,ELPFCI_03495
OWC_0782	SoFIC	SoFic	ELPFCI_03490
OWC_0782	Gabija	Gabija	ELPFCI_05455,ELPFCI_05460
OWC_0782	RM	RM_Type_IIG	ELPFCI_08820
OWC_0783	CBASS	CBASS_I	PJLKGK_02120,PJLKGK_02125
OWC_0783	Cas	CAS_Class1-Subtype-III-A	PJLKGK_05325,PJLKGK_05330,PJLKGK_05335,PJLKGK_05340,PJLKGK_05345,PJLKGK_05350,PJLKGK_05365
OWC_0783	RM	RM_Type_II	PJLKGK_07235,PJLKGK_07240
OWC_0783	RM	RM_Type_II	PJLKGK_07910,PJLKGK_07920
OWC_0786	MazEF	MazEF	LOKKOB_01360,LOKKOB_01365
OWC_0793	SoFIC	SoFic	BGKHNI_05050
OWC_0793	RM	RM_Type_II	BGKHNI_10495,BGKHNI_10500
OWC_0796	SoFIC	SoFic	PADABM_06615
OWC_0796	Retron	Retron_VI	PADABM_08950,PADABM_08955
OWC_0796	RM	RM_Type_II	PADABM_11265,PADABM_11270
OWC_0796	RM	RM_Type_I	PADABM_14355,PADABM_14360,PADABM_14365
OWC_0799	RM	RM_Type_II	HDAOAI_00560,HDAOAI_00565
OWC_0799	Cas	CAS_Class1-Subtype-I-B	HDAOAI_01255,HDAOAI_01260
OWC_0799	RosmerTA	RosmerTA	HDAOAI_01825,HDAOAI_01835
OWC_0799	Cas	CAS_Class1-Subtype-III-D	HDAOAI_03320,HDAOAI_03330,HDAOAI_03335
OWC_0799	Hachiman	Hachiman	HDAOAI_03895,HDAOAI_03900
OWC_0799	Cas	CAS_Class1-Subtype-I-C	HDAOAI_04325,HDAOAI_04330
OWC_0799	RM	RM_Type_II	HDAOAI_06390,HDAOAI_06395
OWC_0799	RloC	RloC	HDAOAI_07225
OWC_0799	RM	RM_Type_II	HDAOAI_07600,HDAOAI_07605
OWC_0799	Gabija	Gabija	HDAOAI_08390,HDAOAI_08395
OWC_0799	Gao_Her	Gao_Her_DUF	HDAOAI_08955,HDAOAI_08960
OWC_0799	Cas	CAS_Class1-Subtype-I-C	HDAOAI_10320,HDAOAI_10325,HDAOAI_10330
OWC_0799	Cas	CAS_Class1-Subtype-I-B	HDAOAI_10945,HDAOAI_10950,HDAOAI_10955
OWC_0799	RM	RM_Type_IIG	HDAOAI_11190
OWC_0799	RloC	RloC	HDAOAI_11285
OWC_0802	RloC	RloC	DOFNJL_03490
OWC_0804	MazEF	MazEF	EKEOLC_05005,EKEOLC_05010
OWC_0804	AbiE	AbiE	EKEOLC_08425,EKEOLC_08430
OWC_0805	MazEF	MazEF	BKHIND_11215,BKHIND_11220
OWC_0806	MazEF	MazEF	PLCNHM_00085,PLCNHM_00090
OWC_0812	SoFIC	SoFic	BCKNPP_00060
OWC_0816	AbiE	AbiE	NMANEF_19560,NMANEF_19565
OWC_0818	Druantia	Druantia_I	FJNBDE_02315,FJNBDE_02330,FJNBDE_02335
OWC_0819	Gabija	Gabija	FAAFBO_18165,FAAFBO_18170
OWC_0820	RM	RM_Type_II	NOAEBG_02215,NOAEBG_02225
OWC_0823	SanaTA	SanaTA	OPBCFI_05625,OPBCFI_05630
OWC_0827	RM	RM_Type_IIG	POIADN_01580
OWC_0827	SoFIC	SoFic	POIADN_16145
OWC_0829	SoFIC	SoFic	IEHOBM_13025
OWC_0833	SoFIC	SoFic	BEMJFM_08770
OWC_0834	SoFIC	SoFic	IBDEEE_01055
OWC_0838	SoFIC	SoFic	HKPGNK_07630
OWC_0838	Cas	CAS_Class1-Subtype-I-C	HKPGNK_14850,HKPGNK_14855
OWC_0838	RM	RM_Type_II	HKPGNK_18850,HKPGNK_18855
OWC_0840	Cas	CAS_Class1-Subtype-I-G	INGGHO_02600,INGGHO_02605
OWC_0841	SoFIC	SoFic	HBOPAL_04275
OWC_0844	MazEF	MazEF	FJIBLO_10720,FJIBLO_10725
OWC_0849	PsyrTA	PsyrTA	LKMANO_08325,LKMANO_08330
OWC_0849	SoFIC	SoFic	LKMANO_14525
OWC_0854	RM	RM_Type_II	CCHCGN_00795,CCHCGN_00800
OWC_0854	AbiE	AbiE	CCHCGN_02960,CCHCGN_02965
OWC_0854	Cas	CAS_Class1-Subtype-I-E	CCHCGN_02980,CCHCGN_02985,CCHCGN_02990,CCHCGN_02995,CCHCGN_03000,CCHCGN_03005,CCHCGN_03010,CCHCGN_03015
OWC_0854	Cas	CAS_Class1-Subtype-I-C	CCHCGN_03310,CCHCGN_03315,CCHCGN_03320,CCHCGN_03325,CCHCGN_03330,CCHCGN_03335,CCHCGN_03340
OWC_0858	RM	RM_Type_IIG	IJFCOE_00315
OWC_0858	Gao_TerY	Gao_TerY	IJFCOE_07135,IJFCOE_07140,IJFCOE_07145
OWC_0871	MazEF	MazEF	FPBHBN_01525,FPBHBN_01530
OWC_0871	Cas	CAS_Class1-Subtype-I-C	FPBHBN_03665,FPBHBN_03670
OWC_0871	AbiE	AbiE	FPBHBN_04070,FPBHBN_04075
OWC_0871	pAgo	pAgo_SPARTA	FPBHBN_13410,FPBHBN_13415
OWC_0871	CBASS	CBASS_III	FPBHBN_13950,FPBHBN_13955,FPBHBN_13960,FPBHBN_13965
OWC_0871	CBASS	CBASS_I	FPBHBN_14130,FPBHBN_14135
OWC_0871	RM	RM_Type_I	FPBHBN_16935,FPBHBN_16945,FPBHBN_16950
OWC_0871	pAgo	pAgo_LongA	FPBHBN_20335
OWC_0871	Hachiman	Hachiman	FPBHBN_20810,FPBHBN_20815
OWC_0871	RM	RM_Type_III	FPBHBN_20825,FPBHBN_20830
OWC_0871	MazEF	MazEF	FPBHBN_21910,FPBHBN_21915
OWC_0871	AbiE	AbiE	FPBHBN_21925,FPBHBN_21935
OWC_0871	PD-Lambda-5	PD-Lambda-5	FPBHBN_27445,FPBHBN_27450
OWC_0873	RM	RM_Type_I	AJGLGM_01315,AJGLGM_01320
OWC_0873	AbiE	AbiE	AJGLGM_05195,AJGLGM_05200
OWC_0873	CBASS	CBASS_II	AJGLGM_10315,AJGLGM_10320,AJGLGM_10325
OWC_0873	RM	RM_Type_IIG	AJGLGM_11415
OWC_0873	RloC	RloC	AJGLGM_11425
OWC_0873	Cas	CAS_Class1-Subtype-I-C	AJGLGM_11540,AJGLGM_11545
OWC_0873	RM	RM_Type_IIG	AJGLGM_13525
OWC_0878	MazEF	MazEF	KCMJIJ_07095,KCMJIJ_07100
OWC_0878	AbiV	AbiV	KCMJIJ_08930
OWC_0881	Cas	CAS_Cluster	KOMJBH_12585,KOMJBH_12590,KOMJBH_12595,KOMJBH_12605
OWC_0889	RM	RM_Type_IV	NOFPBD_09635
OWC_0890	PsyrTA	PsyrTA	AMFNHO_17990,AMFNHO_17995
OWC_0891	Retron	Retron_XII	BBHEFI_09895
OWC_0891	DRT	DRT6	BBHEFI_11295
OWC_0895	SoFIC	SoFic	GPAEJN_04650
OWC_0905	SoFIC	SoFic	KONPCG_00660
OWC_0906	RM	RM_Type_IIG	GBPEGN_03645
OWC_0908	AbiE	AbiE	NKEJHJ_07135,NKEJHJ_07140
OWC_0908	AbiE	AbiE	NKEJHJ_09230,NKEJHJ_09235
OWC_0910	SoFIC	SoFic	ILHLEI_09580
OWC_0914	MazEF	MazEF	ACDBLD_10700,ACDBLD_10705
OWC_0926	RM	RM_Type_IV	OOMEIP_07490
OWC_0929	SoFIC	SoFic	LBMHMK_01065
OWC_0938	MazEF	MazEF	KEHDAB_03845,KEHDAB_03850
OWC_0941	RM	RM_Type_II	FELGOE_12415,FELGOE_12420
OWC_0942	MazEF	MazEF	ONLEHB_06140,ONLEHB_06145
OWC_0945	AbiE	AbiE	GCMHCK_00530,GCMHCK_00535
OWC_0946	PsyrTA	PsyrTA	PLIEKA_07405,PLIEKA_07410
OWC_0947	SoFIC	SoFic	LBCDCH_09945
OWC_0948	ShosTA	ShosTA	IHONEE_04730,IHONEE_04735
OWC_0949	PsyrTA	PsyrTA	EHDFFK_03860,EHDFFK_03865
OWC_0950	RM	RM_Type_IV	IPLFAE_07095
OWC_0950	PsyrTA	PsyrTA	IPLFAE_14165,IPLFAE_14170
OWC_0951	PsyrTA	PsyrTA	JIBNCG_10930,JIBNCG_10935
OWC_0951	RM	RM_Type_IIG	JIBNCG_21190
OWC_0954	RM	RM_Type_IV	EIPBCD_10640
OWC_0954	Wadjet	Wadjet_I	EIPBCD_13635,EIPBCD_13640,EIPBCD_13645,EIPBCD_13650
OWC_0958	AbiE	AbiE	DANHFL_03355,DANHFL_03360
OWC_0959	RM	RM_Type_IV	GDJOPK_02760
OWC_0959	AbiE	AbiE	GDJOPK_11985,GDJOPK_11990
OWC_0963	MazEF	MazEF	CNANIK_02860,CNANIK_02865
OWC_0963	Eleos	Eleos	CNANIK_20170,CNANIK_20175
OWC_0968	ShosTA	ShosTA	IOGOAP_12880,IOGOAP_12885
OWC_0968	RM	RM_Type_II	IOGOAP_19760,IOGOAP_19765
OWC_0970	Cas	CAS_Class1-Subtype-I-E	EFBDIA_06590,EFBDIA_06595,EFBDIA_06600
OWC_0973	RM	RM_Type_IV	GCJOHB_01190
OWC_0973	RM	RM_Type_IIG	GCJOHB_03450
OWC_0973	SoFIC	SoFic	GCJOHB_15100
OWC_0974	Paris	PARIS_II	KPIKCA_08835,KPIKCA_08840
OWC_0974	PsyrTA	PsyrTA	KPIKCA_16275,KPIKCA_16280
OWC_0980	SoFIC	SoFic	BIEAFH_07350
OWC_0981	SEFIR	SEFIR	OIOFEJ_00280
OWC_0981	Gao_Qat	Gao_Qat	OIOFEJ_01110,OIOFEJ_01115,OIOFEJ_01120,OIOFEJ_01125
OWC_0981	Cas	CAS_Class1-Subtype-I-A	OIOFEJ_08325,OIOFEJ_08330
OWC_0981	Gao_RL	Gao_RL	OIOFEJ_12760,OIOFEJ_12765,OIOFEJ_12770,OIOFEJ_12775
OWC_0981	PD-T7-2	PD-T7-2	OIOFEJ_12930,OIOFEJ_12935
OWC_0982	RM	RM_Type_II	OIBBOE_04560,OIBBOE_04565
OWC_0985	RM	RM_Type_II	CFFJOA_00535,CFFJOA_00545
OWC_0985	Gao_TerY	Gao_TerY	CFFJOA_01650,CFFJOA_01655,CFFJOA_01660
OWC_0985	RM	RM_Type_II	CFFJOA_09165,CFFJOA_09170
OWC_0994	RM	RM_Type_IIG	KGALNN_06895
OWC_0999	MazEF	MazEF	FKIAPI_04660,FKIAPI_04665
OWC_1002	MazEF	MazEF	DPOMKI_05220,DPOMKI_05225
OWC_1004	RM	RM_Type_II	CJIMGD_03480,CJIMGD_03485
OWC_1004	pAgo	pAgo_SPARTA	CJIMGD_11385,CJIMGD_11390
OWC_1004	Shedu	Shedu	CJIMGD_12630
OWC_1005	Pycsar	Pycsar	CIMLGI_06540,CIMLGI_06550
OWC_1007	MazEF	MazEF	GPAHAL_04920,GPAHAL_04925
OWC_1007	PsyrTA	PsyrTA	GPAHAL_06975,GPAHAL_06980
OWC_1014	Cas	CAS_Class1-Subtype-III-C	CCCHID_00130,CCCHID_00135
OWC_1014	Cas	CAS_Class1-Subtype-I-E	CCCHID_05580,CCCHID_05585,CCCHID_05590,CCCHID_05595,CCCHID_05600,CCCHID_05605,CCCHID_05610
OWC_1014	Cas	CAS_Class1-Subtype-I-C	CCCHID_06735,CCCHID_06740,CCCHID_06745,CCCHID_06755,CCCHID_06760,CCCHID_06765,CCCHID_06770
OWC_1014	pAgo	pAgo_LongB	CCCHID_07710,CCCHID_07715
OWC_1014	RM	RM_Type_I	CCCHID_08155,CCCHID_08165,CCCHID_08170
OWC_1014	Cas	CAS_Class1-Subtype-III-A	CCCHID_09185,CCCHID_09190,CCCHID_09195,CCCHID_09200,CCCHID_09205
OWC_1014	SspBCDE	SspBCDE	CCCHID_11120,CCCHID_11125,CCCHID_11130,CCCHID_11135
OWC_1014	AbiE	AbiE	CCCHID_11305,CCCHID_11310
OWC_1014	Thoeris	Thoeris_I	CCCHID_11645,CCCHID_11650,CCCHID_11655
OWC_1015	AbiE	AbiE	NDONEE_00760,NDONEE_00765
OWC_1015	RM	RM_Type_II	NDONEE_01165,NDONEE_01170
OWC_1015	Cas	CAS_Class1-Subtype-I-E	NDONEE_04855,NDONEE_04860,NDONEE_04865,NDONEE_04870,NDONEE_04875
OWC_1015	AbiE	AbiE	NDONEE_05175,NDONEE_05180
OWC_1016	Cas	CAS_Class1-Subtype-I-E	DFJGML_02255,DFJGML_02260
OWC_1016	AbiE	AbiE	DFJGML_07910,DFJGML_07915
OWC_1016	Pycsar	Pycsar	DFJGML_08775,DFJGML_08780
OWC_1016	RM	RM_Type_IIG	DFJGML_10315,DFJGML_10325
OWC_1024	RM	RM_Type_II	GNIHDK_02630,GNIHDK_02635
OWC_1026	RM	RM_Type_IIG	AGNMBE_06400
OWC_1029	RloC	RloC	JLOCBG_01715
OWC_1029	SoFIC	SoFic	JLOCBG_03890
OWC_1029	RM	RM_Type_IV	JLOCBG_04960
OWC_1029	RM	RM_Type_II	JLOCBG_05615,JLOCBG_05620
OWC_1029	DarTG	DarTG	JLOCBG_12780,JLOCBG_12785
OWC_1036	SoFIC	SoFic	OGEJBG_02200
OWC_1036	MazEF	MazEF	OGEJBG_03575,OGEJBG_03580
OWC_1037	RM	RM_Type_II	NJBJKO_01650,NJBJKO_01655
OWC_1037	PD-Lambda-5	PD-Lambda-5	NJBJKO_03725,NJBJKO_03730
OWC_1037	RM	RM_Type_IIG	NJBJKO_05565
OWC_1037	RosmerTA	RosmerTA	NJBJKO_06480,NJBJKO_06485
OWC_1037	Cas	CAS_Class1-Subtype-III-A	NJBJKO_07840,NJBJKO_07845,NJBJKO_07850,NJBJKO_07855,NJBJKO_07860,NJBJKO_07865
OWC_1037	GasderMIN	GasderMIN	NJBJKO_10025
OWC_1039	DRT	DRT8	AJFEFL_00045
OWC_1040	AbiE	AbiE	OOGIFJ_01740,OOGIFJ_01745
OWC_1040	RM	RM_Type_II	OOGIFJ_01825,OOGIFJ_01835
OWC_1040	RM	RM_Type_I	OOGIFJ_02260,OOGIFJ_02265,OOGIFJ_02275
OWC_1040	RM	RM_Type_I	OOGIFJ_02360,OOGIFJ_02375,OOGIFJ_02385
OWC_1040	PD-T7-2	PD-T7-2	OOGIFJ_02365,OOGIFJ_02370
OWC_1040	AbiD	AbiD	OOGIFJ_02380
OWC_1040	RM	RM_Type_II	OOGIFJ_03785,OOGIFJ_03790
OWC_1040	RM	RM_Type_IIG	OOGIFJ_05025
OWC_1040	Cas	CAS_Class1-Subtype-I-C	OOGIFJ_05205,OOGIFJ_05210,OOGIFJ_05215,OOGIFJ_05220,OOGIFJ_05225,OOGIFJ_05230,OOGIFJ_05235
OWC_1040	RM	RM_Type_IIG	OOGIFJ_05800
OWC_1040	MazEF	MazEF	OOGIFJ_10325,OOGIFJ_10330
OWC_1040	PsyrTA	PsyrTA	OOGIFJ_10645,OOGIFJ_10650
OWC_1040	Paris	PARIS_I	OOGIFJ_11385,OOGIFJ_11390
OWC_1041	Cas	CAS_Class1-Subtype-I-C	KJIEIJ_08845,KJIEIJ_08850
OWC_1041	Cas	CAS_Class1-Subtype-I-G	KJIEIJ_12250,KJIEIJ_12255,KJIEIJ_12260
OWC_1042	RM	RM_Type_IIG	FJNMCI_01915
OWC_1042	RM	RM_Type_IIG	FJNMCI_05910
OWC_1043	RM	RM_Type_IIG	CDGFKN_09680
OWC_1044	SoFIC	SoFic	DNMJLH_03535
OWC_1044	AbiU	AbiU	DNMJLH_06580
OWC_1045	RM	RM_Type_I	LJJFFI_00030,LJJFFI_00035,LJJFFI_00040
OWC_1045	RM	RM_Type_IIG	LJJFFI_03770
OWC_1045	RM	RM_Type_IIG	LJJFFI_09330
OWC_1046	RM	RM_Type_IV	IOIGPC_00495
OWC_1046	Cas	CAS_Class1-Subtype-III-C	IOIGPC_02180,IOIGPC_02185,IOIGPC_02190
OWC_1046	MazEF	MazEF	IOIGPC_04900,IOIGPC_04905
OWC_1046	RM	RM_Type_II	IOIGPC_06520,IOIGPC_06525
OWC_1046	PD-T7-5	PD-T7-5	IOIGPC_07145
OWC_1046	BREX	BREX_IV	IOIGPC_07180,IOIGPC_07185,IOIGPC_07190,IOIGPC_07195,IOIGPC_07200
OWC_1046	Cas	CAS_Class1-Subtype-I-C	IOIGPC_08480,IOIGPC_08485,IOIGPC_08490,IOIGPC_08495,IOIGPC_08500,IOIGPC_08505,IOIGPC_08510
OWC_1046	Shedu	Shedu	IOIGPC_08790
OWC_1047	Avs	Avs_II	BHAFPD_00615
OWC_1047	MazEF	MazEF	BHAFPD_06450,BHAFPD_06455
OWC_1047	RM	RM_Type_IIG	BHAFPD_09765
OWC_1051	SoFIC	SoFic	CKMFED_04530
OWC_1053	MazEF	MazEF	PMJEBK_05350,PMJEBK_05355
OWC_1055	MazEF	MazEF	MKENHI_06605,MKENHI_06610
OWC_1060	MazEF	MazEF	HCFHHH_06600,HCFHHH_06605
OWC_1062	Cas	CAS_Class1-Subtype-I-C	GNJDDI_00415,GNJDDI_00420,GNJDDI_00425
OWC_1062	MazEF	MazEF	GNJDDI_04615,GNJDDI_04620
OWC_1062	MazEF	MazEF	GNJDDI_06085,GNJDDI_06090
OWC_1062	RM	RM_Type_IIG	GNJDDI_10255
OWC_1066	RM	RM_Type_IIG	IKMHHL_03660
OWC_1066	RloC	RloC	IKMHHL_05020
OWC_1066	RM	RM_Type_II	IKMHHL_07455,IKMHHL_07465,IKMHHL_07470
OWC_1067	RM	RM_Type_IIG	KDGGFH_02945
OWC_1067	Cas	CAS_Class1-Subtype-I-C	KDGGFH_04165,KDGGFH_04170,KDGGFH_04175,KDGGFH_04180,KDGGFH_04185,KDGGFH_04190
OWC_1067	Pycsar	Pycsar	KDGGFH_05495,KDGGFH_05500
OWC_1067	CBASS	CBASS_II	KDGGFH_13795,KDGGFH_13800,KDGGFH_13805
OWC_1068	SoFIC	SoFic	HHMBLI_10580
OWC_1068	RM	RM_Type_IIG	HHMBLI_14890
OWC_1068	Phrann_gp29_gp30	Phrann_gp29_gp30	HHMBLI_14895,HHMBLI_14900
OWC_1069	MazEF	MazEF	IHDNGC_07620,IHDNGC_07625
OWC_1071	RM	RM_Type_IIG	AEMBJG_00775
OWC_1072	RM	RM_Type_IIG	GMLGPI_08465
OWC_1072	SoFIC	SoFic	GMLGPI_08990
OWC_1073	Cas	CAS_Class1-Subtype-I-G	LMBEFB_09580,LMBEFB_09585,LMBEFB_09590
OWC_1083	AbiE	AbiE	MLGJMN_04910,MLGJMN_04915
OWC_1084	Avs	Avs_II	EOLHJA_12200
OWC_1086	AbiE	AbiE	LHICEN_09070,LHICEN_09075
OWC_1086	AbiE	AbiE	LHICEN_13970,LHICEN_13975
OWC_1092	AbiE	AbiE	NOLDKO_07280,NOLDKO_07285
OWC_1098	MazEF	MazEF	KBFKEB_01545,KBFKEB_01550
OWC_1100	AbiE	AbiE	LKHFGM_13670,LKHFGM_13675
OWC_1101	Cas	CAS_Class1-Subtype-I-D	CBGINL_00865,CBGINL_00875,CBGINL_00880,CBGINL_00885
OWC_1101	RM	RM_Type_I	CBGINL_05275,CBGINL_05280,CBGINL_05295
OWC_1101	Cas	CAS_Class1-Subtype-III-D	CBGINL_10040,CBGINL_10045
OWC_1102	RM	RM_Type_IV	HCNDDA_00010
OWC_1102	SanaTA	SanaTA	HCNDDA_00170,HCNDDA_00175
OWC_1102	RM	RM_Type_I	HCNDDA_02115,HCNDDA_02120,HCNDDA_02130
OWC_1102	Cas	CAS_Class2-Subtype-V-K	HCNDDA_02140
OWC_1102	Paris	PARIS_I	HCNDDA_06205,HCNDDA_06210
OWC_1102	Eleos	Eleos	HCNDDA_08220,HCNDDA_08225
OWC_1102	Menshen	Menshen	HCNDDA_12005,HCNDDA_12010,HCNDDA_12015
OWC_1102	Septu	Septu	HCNDDA_12535,HCNDDA_12540
OWC_1102	Menshen	Menshen	HCNDDA_13720,HCNDDA_13725
OWC_1102	AbiL	AbiL	HCNDDA_15455,HCNDDA_15460
OWC_1102	MazEF	MazEF	HCNDDA_16780,HCNDDA_16785
OWC_1104	AbiE	AbiE	EEOGLO_00260,EEOGLO_00265
OWC_1110	CBASS	CBASS_II	ONDLNI_04730,ONDLNI_04735,ONDLNI_04740
OWC_1111	Cas	CAS_Cluster	AELCFA_02885,AELCFA_02890,AELCFA_02895,AELCFA_02900
OWC_1111	MazEF	MazEF	AELCFA_04675,AELCFA_04680
OWC_1111	RM	RM_Type_IV	AELCFA_30450,AELCFA_30455
OWC_1119	Wadjet	Wadjet_I	CADBNB_12615,CADBNB_12620,CADBNB_12625,CADBNB_12630
OWC_1120	MazEF	MazEF	HIHBLA_02365,HIHBLA_02370
OWC_1120	Shedu	Shedu	HIHBLA_11285
OWC_1120	RM	RM_Type_IIG	HIHBLA_24625
OWC_1121	AbiE	AbiE	CINDEB_01605,CINDEB_01610
OWC_1121	Cas	CAS_Cluster	CINDEB_12905,CINDEB_12910,CINDEB_12915,CINDEB_12920
OWC_1121	Phrann_gp29_gp30	Phrann_gp29_gp30	CINDEB_18550,CINDEB_18555
OWC_1123	MazEF	MazEF	JJABHK_10350,JJABHK_10355
OWC_1124	MazEF	MazEF	DMINCP_12995,DMINCP_13000
OWC_1125	MazEF	MazEF	LKJAII_07140,LKJAII_07145
OWC_1125	RM	RM_Type_II	LKJAII_15260,LKJAII_15265
OWC_1126	RM	RM_Type_II	HCMJDO_11585,HCMJDO_11590
OWC_1130	MazEF	MazEF	ONOCPH_11995,ONOCPH_12000
OWC_1131	RM	RM_Type_I	FEGPMN_10790,FEGPMN_10800,FEGPMN_10810
OWC_1131	SoFIC	SoFic	FEGPMN_10795
OWC_1131	SoFIC	SoFic	FEGPMN_18000
OWC_1131	MazEF	MazEF	FEGPMN_25490,FEGPMN_25495
OWC_1133	AbiE	AbiE	HLKBMJ_03755,HLKBMJ_03760
OWC_1133	RM	RM_Type_II	HLKBMJ_16280,HLKBMJ_16305
OWC_1136	MazEF	MazEF	MKJJLA_03720,MKJJLA_03725
OWC_1136	AbiE	AbiE	MKJJLA_06480,MKJJLA_06485
OWC_1143	PfiAT	PfiAT	OOJOFN_09375,OOJOFN_09380
OWC_1146	AbiE	AbiE	HPMBPL_05725,HPMBPL_05730
OWC_1151	AbiE	AbiE	JKKEDA_10430,JKKEDA_10435
OWC_1153	AbiE	AbiE	LGGNDN_08785,LGGNDN_08790
OWC_1154	Septu	Septu	BDPDAO_08125,BDPDAO_08130
OWC_1155	PfiAT	PfiAT	BFMJPJ_04495,BFMJPJ_04500
OWC_1157	AbiE	AbiE	IHMBDO_00830,IHMBDO_00835
OWC_1165	SoFIC	SoFic	LOALGL_10325
OWC_1166	PfiAT	PfiAT	DGHKKP_03240,DGHKKP_03245
OWC_1168	MazEF	MazEF	OCBOOA_12815,OCBOOA_12820
OWC_1170	PfiAT	PfiAT	HHPAIO_02890,HHPAIO_02895
OWC_1170	AbiE	AbiE	HHPAIO_06410,HHPAIO_06415
OWC_1173	PfiAT	PfiAT	IPPHAN_06050,IPPHAN_06055
OWC_1174	RM	RM_Type_II	NEPKKP_01470,NEPKKP_01475
OWC_1174	SpbK	SpbK	NEPKKP_06310
OWC_1177	RM	RM_Type_II	BIGJKJ_16395,BIGJKJ_16400
OWC_1181	MazEF	MazEF	ECHNJF_09040,ECHNJF_09045
OWC_1182	PfiAT	PfiAT	JIMAFO_01330,JIMAFO_01335
OWC_1182	AbiE	AbiE	JIMAFO_08735,JIMAFO_08740
OWC_1182	SoFIC	SoFic	JIMAFO_08795
OWC_1183	PfiAT	PfiAT	GHGEBC_07050,GHGEBC_07055
OWC_1186	PfiAT	PfiAT	OCEBHI_06175,OCEBHI_06180
OWC_1190	PfiAT	PfiAT	EMFOMM_08385,EMFOMM_08390
OWC_1197	RM	RM_Type_IV	IFHMJP_02035
OWC_1197	PfiAT	PfiAT	IFHMJP_06130,IFHMJP_06135
OWC_1197	MazEF	MazEF	IFHMJP_14035,IFHMJP_14040
OWC_1199	PfiAT	PfiAT	NHBAIA_02885,NHBAIA_02890
OWC_1199	AbiE	AbiE	NHBAIA_13310,NHBAIA_13315
OWC_1200	SoFIC	SoFic	APKNAI_01500
OWC_1200	PD-T7-5	PD-T7-5	APKNAI_02960
OWC_1205	Cas	CAS_Class1-Subtype-I-G	DBKNOG_00615,DBKNOG_00620
OWC_1205	Cas	CAS_Cluster	DBKNOG_03790,DBKNOG_03795,DBKNOG_03800
OWC_1205	PD-Lambda-1	PD-Lambda-1	DBKNOG_10935
OWC_1205	Cas	CAS_Class1-Subtype-I-E	DBKNOG_10940,DBKNOG_10945,DBKNOG_10950,DBKNOG_10955
OWC_1205	RM	RM_Type_II	DBKNOG_14765,DBKNOG_14770
OWC_1205	Cas	CAS_Class1-Subtype-I-E	DBKNOG_23285,DBKNOG_23290,DBKNOG_23295
OWC_1212	MazEF	MazEF	LBDDOH_10160,LBDDOH_10165
OWC_1215	MazEF	MazEF	BACEFH_07795,BACEFH_07800
OWC_1217	Cas	CAS_Class1-Subtype-I-C	LAOLDP_07070,LAOLDP_07075
OWC_1218	MazEF	MazEF	DLLNBM_12795,DLLNBM_12800
OWC_1218	PfiAT	PfiAT	DLLNBM_17160,DLLNBM_17165
OWC_1220	MazEF	MazEF	DPOJHA_08010,DPOJHA_08015
OWC_1223	Cas	CAS_Cluster	IFCNLF_10250,IFCNLF_10255,IFCNLF_10260
OWC_1230	MazEF	MazEF	HDCCLA_10020,HDCCLA_10025
OWC_1237	RM	RM_Type_II	MOAJCM_03760,MOAJCM_03765
OWC_1237	RM	RM_Type_I	MOAJCM_04630,MOAJCM_04635,MOAJCM_04650
OWC_1237	AbiE	AbiE	MOAJCM_08330,MOAJCM_08335
OWC_1237	BREX	BREX_III	MOAJCM_11155,MOAJCM_11170,MOAJCM_11175
OWC_1238	RM	RM_Type_I	CBPBJC_00455,CBPBJC_00465,CBPBJC_00485
OWC_1238	RM	RM_Type_II	CBPBJC_01350,CBPBJC_01355
OWC_1238	pAgo	pAgo_SPARTA	CBPBJC_01810,CBPBJC_01815
OWC_1238	RM	RM_Type_II	CBPBJC_02380,CBPBJC_02385
OWC_1238	RM	RM_Type_II	CBPBJC_02710,CBPBJC_02715
OWC_1238	RM	RM_Type_III	CBPBJC_03320,CBPBJC_03325
OWC_1238	RM	RM_Type_II	CBPBJC_05975,CBPBJC_05980
OWC_1238	Cas	CAS_Class1-Subtype-I-C	CBPBJC_07195,CBPBJC_07200,CBPBJC_07205,CBPBJC_07210,CBPBJC_07230,CBPBJC_07235,CBPBJC_07240
OWC_1238	RM	RM_Type_IIG	CBPBJC_07500
OWC_1238	AbiD	AbiD	CBPBJC_07535
OWC_1238	Wadjet	Wadjet_I	CBPBJC_11350,CBPBJC_11360,CBPBJC_11365,CBPBJC_11370
OWC_1238	Gao_Qat	Gao_Qat	CBPBJC_11415,CBPBJC_11420,CBPBJC_11425,CBPBJC_11430
OWC_1238	Cas	CAS_Class1-Subtype-III-C	CBPBJC_12010,CBPBJC_12015,CBPBJC_12025
OWC_1238	Cas	CAS_Class1-Subtype-III-C	CBPBJC_12790,CBPBJC_12795,CBPBJC_12800,CBPBJC_12810
OWC_1240	SoFIC	SoFic	LKJFHA_06305
OWC_1241	SanaTA	SanaTA	CCFOGF_00120,CCFOGF_00125
OWC_1241	RM	RM_Type_II	CCFOGF_04545,CCFOGF_04550
OWC_1241	pAgo	pAgo_S1A	CCFOGF_04990
OWC_1241	Hna	Hna	CCFOGF_04995
OWC_1241	AbiE	AbiE	CCFOGF_05545,CCFOGF_05550
OWC_1242	SoFIC	SoFic	AKMBBE_08580
OWC_1243	AbiE	AbiE	FPHDOD_09015,FPHDOD_09020
OWC_1245	PfiAT	PfiAT	GNPDFG_04685,GNPDFG_04690
OWC_1245	PsyrTA	PsyrTA	GNPDFG_13690,GNPDFG_13695
OWC_1250	Septu	Septu	MFCIKJ_03730,MFCIKJ_03735
OWC_1255	PfiAT	PfiAT	JABEBF_04065,JABEBF_04070
OWC_1255	RM	RM_Type_II	JABEBF_04790,JABEBF_04795
OWC_1256	RM	RM_Type_I	AOEBHN_05310,AOEBHN_05315,AOEBHN_05325
OWC_1256	PfiAT	PfiAT	AOEBHN_11820,AOEBHN_11825
OWC_1256	MazEF	MazEF	AOEBHN_12445,AOEBHN_12450
OWC_1256	Cas	CAS_Class1-Subtype-I-C	AOEBHN_17955,AOEBHN_17960,AOEBHN_17965,AOEBHN_17980,AOEBHN_17985,AOEBHN_17990,AOEBHN_17995
OWC_1256	RM	RM_Type_I	AOEBHN_18175,AOEBHN_18180,AOEBHN_18185
OWC_1256	RM	RM_Type_I	AOEBHN_20855,AOEBHN_20860
OWC_1259	MazEF	MazEF	MANFPA_00010,MANFPA_00015
OWC_1259	SoFIC	SoFic	MANFPA_01915
OWC_1260	PsyrTA	PsyrTA	PAFJIK_01510,PAFJIK_01520,PAFJIK_01525
OWC_1260	AbiE	AbiE	PAFJIK_11275,PAFJIK_11280
OWC_1260	PfiAT	PfiAT	PAFJIK_21665,PAFJIK_21670
OWC_1262	PfiAT	PfiAT	EAOLKA_11120,EAOLKA_11125
OWC_1265	MazEF	MazEF	AOIKKJ_00315,AOIKKJ_00320
OWC_1265	Cas	CAS_Cluster	AOIKKJ_01110,AOIKKJ_01115,AOIKKJ_01120,AOIKKJ_01125
OWC_1265	SoFIC	SoFic	AOIKKJ_02080
OWC_1265	Cas	CAS_Class1-Subtype-III-A	AOIKKJ_03815,AOIKKJ_03820
OWC_1265	MazEF	MazEF	AOIKKJ_04370,AOIKKJ_04375
OWC_1265	AbiE	AbiE	AOIKKJ_07180,AOIKKJ_07185
OWC_1265	SoFIC	SoFic	AOIKKJ_07640
OWC_1265	Cas	CAS_Class1-Subtype-III-A	AOIKKJ_09000,AOIKKJ_09005
OWC_1265	Cas	CAS_Class1-Subtype-I-C	AOIKKJ_09085,AOIKKJ_09090,AOIKKJ_09095,AOIKKJ_09110,AOIKKJ_09125,AOIKKJ_09130
OWC_1265	MazEF	MazEF	AOIKKJ_09915,AOIKKJ_09920
OWC_1267	Zorya	Zorya_TypeI	AKBLDA_02090,AKBLDA_02095,AKBLDA_02100
OWC_1269	MazEF	MazEF	ACPCGD_08520,ACPCGD_08525
OWC_1273	PfiAT	PfiAT	CDIJLM_08355,CDIJLM_08360
OWC_1283	MazEF	MazEF	CJFGLA_12635,CJFGLA_12640
OWC_1284	AbiE	AbiE	ELMKAK_01110,ELMKAK_01115
OWC_1286	AbiE	AbiE	NPBGNP_01305,NPBGNP_01310
OWC_1294	PfiAT	PfiAT	MDDDGI_02140,MDDDGI_02145
OWC_1295	MazEF	MazEF	MGIPJK_06680,MGIPJK_06685
OWC_1297	RM	RM_Type_II	KKIIOI_05795,KKIIOI_05800
OWC_1297	Cas	CAS_Class1-Subtype-I-C	KKIIOI_12105,KKIIOI_12110,KKIIOI_12115,KKIIOI_12125,KKIIOI_12130
OWC_1297	RM	RM_Type_II	KKIIOI_20225,KKIIOI_20230
OWC_1298	PfiAT	PfiAT	DOEGBJ_10275,DOEGBJ_10280
OWC_1299	MazEF	MazEF	BOHBHO_14755,BOHBHO_14760
OWC_1306	MazEF	MazEF	FGFOKH_01525,FGFOKH_01530
OWC_1307	MazEF	MazEF	JGNPCF_07620,JGNPCF_07625
OWC_1311	MazEF	MazEF	OGKOBP_02155,OGKOBP_02160
OWC_1312	MazEF	MazEF	GIHMBH_09305,GIHMBH_09310
OWC_1319	Paris	PARIS_I	JLGMIO_02385,JLGMIO_02390
OWC_1319	AbiE	AbiE	JLGMIO_03390,JLGMIO_03395
OWC_1319	Shedu	Shedu	JLGMIO_04755
OWC_1319	Cas	CAS_Class1-Subtype-I-C	JLGMIO_05425,JLGMIO_05430,JLGMIO_05435,JLGMIO_05440,JLGMIO_05445,JLGMIO_05455,JLGMIO_05460
OWC_1319	RM	RM_Type_II	JLGMIO_06160,JLGMIO_06165
OWC_1319	Shedu	Shedu	JLGMIO_09970
OWC_1319	SEFIR	SEFIR	JLGMIO_10240
OWC_1319	RM	RM_Type_IIG	JLGMIO_10270
OWC_1322	Shedu	Shedu	JAAJEJ_02420
OWC_1322	RM	RM_Type_I	JAAJEJ_05825,JAAJEJ_05830,JAAJEJ_05840
OWC_1322	RM	RM_Type_I	JAAJEJ_06565,JAAJEJ_06575,JAAJEJ_06580
OWC_1322	CBASS	CBASS_I	JAAJEJ_06660,JAAJEJ_06665
OWC_1322	RM	RM_Type_I	JAAJEJ_08215,JAAJEJ_08230,JAAJEJ_08240,JAAJEJ_08245
OWC_1322	CBASS	CBASS_I	JAAJEJ_08220,JAAJEJ_08225
OWC_1322	PfiAT	PfiAT	JAAJEJ_09720,JAAJEJ_09725
OWC_1324	MazEF	MazEF	AJMBGC_06380,AJMBGC_06385
OWC_1325	AbiE	AbiE	GGLABG_04715,GGLABG_04720
OWC_1325	SEFIR	SEFIR	GGLABG_05425
OWC_1327	MazEF	MazEF	IJCBFI_03845,IJCBFI_03850
OWC_1327	RM	RM_Type_II	IJCBFI_07230,IJCBFI_07235
OWC_1347	Cas	CAS_Class1-Subtype-I-C	DMGHMD_09070,DMGHMD_09080,DMGHMD_09085
OWC_1347	RM	RM_Type_IIG	DMGHMD_09500
OWC_1349	RM	RM_Type_II	EIGADG_12900,EIGADG_12905
OWC_1349	Cas	CAS_Class1-Subtype-I-E	EIGADG_15890,EIGADG_15895,EIGADG_15905,EIGADG_15910,EIGADG_15915,EIGADG_15920,EIGADG_15925,EIGADG_15930,EIGADG_15940
OWC_1349	PD-T7-2	PD-T7-2	EIGADG_16910,EIGADG_16915
OWC_1349	AbiE	AbiE	EIGADG_18070,EIGADG_18075
OWC_1351	AbiE	AbiE	NFMMJB_01610,NFMMJB_01615
OWC_1354	AbiE	AbiE	NENKAB_02855,NENKAB_02860
OWC_1356	RM	RM_Type_IV	NJKGBL_06475
OWC_1357	AbiE	AbiE	KEIHEB_09420,KEIHEB_09425
OWC_1360	MazEF	MazEF	FMLICH_01340,FMLICH_01345
OWC_1360	DarTG	DarTG	FMLICH_10815,FMLICH_10820
OWC_1360	RM	RM_Type_IIG	FMLICH_16510
OWC_1364	Shedu	Shedu	OODBHN_05785
OWC_1365	SoFIC	SoFic	BIJCKE_07745
OWC_1365	Cas	CAS_Cluster	BIJCKE_08190,BIJCKE_08195,BIJCKE_08200
OWC_1365	MazEF	MazEF	BIJCKE_11005,BIJCKE_11010
OWC_1365	Shedu	Shedu	BIJCKE_15325
OWC_1367	AbiE	AbiE	NLPLBF_09085,NLPLBF_09090
OWC_1376	RM	RM_Type_IIG	LJGBJB_04520
OWC_1383	SoFIC	SoFic	JGAJGD_06660
OWC_1388	MazEF	MazEF	IOOOJA_05635,IOOOJA_05640
OWC_1388	SoFIC	SoFic	IOOOJA_05810
OWC_1388	RM	RM_Type_II	IOOOJA_08255,IOOOJA_08260
OWC_1388	Shedu	Shedu	IOOOJA_09230
OWC_1393	PfiAT	PfiAT	NDADEB_02545,NDADEB_02550
OWC_1394	RloC	RloC	LLCBNO_01745
OWC_1394	RM	RM_Type_II	LLCBNO_01840,LLCBNO_01845
OWC_1394	MazEF	MazEF	LLCBNO_05405,LLCBNO_05410
OWC_1394	DRT	DRT8	LLCBNO_08895
OWC_1394	RM	RM_Type_II	LLCBNO_09855,LLCBNO_09860
OWC_1394	RM	RM_Type_I	LLCBNO_12225,LLCBNO_12240,LLCBNO_12245
OWC_1394	RM	RM_Type_IIG	LLCBNO_12695
OWC_1394	Wadjet	Wadjet_I	LLCBNO_13105,LLCBNO_13110,LLCBNO_13115,LLCBNO_13120
OWC_1394	MazEF	MazEF	LLCBNO_14800,LLCBNO_14805
OWC_1394	Cas	CAS_Class1-Subtype-I-F	LLCBNO_17070,LLCBNO_17075,LLCBNO_17080,LLCBNO_17085,LLCBNO_17090,LLCBNO_17095
OWC_1394	Wadjet	Wadjet_III	LLCBNO_18360,LLCBNO_18370,LLCBNO_18375
OWC_1394	Hachiman	Hachiman	LLCBNO_18710,LLCBNO_18715
OWC_1395	RM	RM_Type_IIG	EGLOMM_01500
OWC_1395	RM	RM_Type_II	EGLOMM_01595,EGLOMM_01600
OWC_1395	Wadjet	Wadjet_I	EGLOMM_13570,EGLOMM_13575,EGLOMM_13580,EGLOMM_13585
OWC_1405	PfiAT	PfiAT	LBCMMM_02925,LBCMMM_02930
OWC_1405	RM	RM_Type_IIG	LBCMMM_05030
OWC_1405	Cas	CAS_Class1-Subtype-I-C	LBCMMM_05410,LBCMMM_05415,LBCMMM_05420,LBCMMM_05425,LBCMMM_05430,LBCMMM_05440,LBCMMM_05450
OWC_1405	RM	RM_Type_I	LBCMMM_05500,LBCMMM_05515,LBCMMM_05520
OWC_1405	AbiU	AbiU	LBCMMM_07845
OWC_1405	RM	RM_Type_I	LBCMMM_08745,LBCMMM_08765
OWC_1405	PD-T4-2	PD-T4-2	LBCMMM_09170,LBCMMM_09175
OWC_1405	SoFIC	SoFic	LBCMMM_09640
OWC_1405	RM	RM_Type_IIG	LBCMMM_09705
OWC_1405	RM	RM_Type_II	LBCMMM_11880,LBCMMM_11885
OWC_1406	PfiAT	PfiAT	DHJJMP_00020,DHJJMP_00025
OWC_1406	AbiE	AbiE	DHJJMP_19065,DHJJMP_19070
OWC_1412	SoFIC	SoFic	PHKOCC_05040
OWC_1413	SoFIC	SoFic	KAGPBB_04095
OWC_1420	SoFIC	SoFic	MJKPHO_02255
OWC_1420	PfiAT	PfiAT	MJKPHO_10805,MJKPHO_10810
OWC_1420	MazEF	MazEF	MJKPHO_19085,MJKPHO_19090
OWC_1421	MazEF	MazEF	PEIKHO_00800,PEIKHO_00805
OWC_1421	SoFIC	SoFic	PEIKHO_04270
OWC_1423	RM	RM_Type_II	JCCADL_02300,JCCADL_02305
OWC_1423	Rst_DUF4238	Rst_DUF4238	JCCADL_07525
OWC_1423	RM	RM_Type_II	JCCADL_09605,JCCADL_09610
OWC_1431	MazEF	MazEF	PGOIPH_11090,PGOIPH_11095
OWC_1431	AbiE	AbiE	PGOIPH_16965,PGOIPH_16970
OWC_1432	RM	RM_Type_IV	LBBKDE_11210
OWC_1439	MazEF	MazEF	FGKDFJ_01305,FGKDFJ_01310
OWC_1439	MazEF	MazEF	FGKDFJ_01800,FGKDFJ_01805
OWC_1440	MazEF	MazEF	CACGJO_04525,CACGJO_04530
OWC_1441	SoFIC	SoFic	HBACGN_11000
OWC_1442	Cas	CAS_Class1-Subtype-I-C	CBFOGB_00595,CBFOGB_00600,CBFOGB_00605,CBFOGB_00610,CBFOGB_00615,CBFOGB_00620,CBFOGB_00625
OWC_1442	Hna	Hna	CBFOGB_05185
OWC_1442	PfiAT	PfiAT	CBFOGB_06915,CBFOGB_06920
OWC_1442	RM	RM_Type_II	CBFOGB_09000,CBFOGB_09005
OWC_1443	RM	RM_Type_IIG	LLLKFF_03610
OWC_1444	RM	RM_Type_II	BFKKAN_04640,BFKKAN_04645,BFKKAN_04650
OWC_1444	Cas	CAS_Class1-Subtype-I-C	BFKKAN_04700,BFKKAN_04705
OWC_1446	MazEF	MazEF	BBDKAB_11810,BBDKAB_11815
OWC_1449	RM	RM_Type_IIG	IDNNJF_05975
OWC_1452	Pycsar	Pycsar	JGOBEC_12820,JGOBEC_12825,JGOBEC_12830
OWC_1456	Cas	CAS_Class2-Subtype-II-C	OMICAB_04255,OMICAB_04260,OMICAB_04265
OWC_1456	SoFIC	SoFic	OMICAB_04725
OWC_1457	AbiE	AbiE	HOLEBD_03560,HOLEBD_03565
OWC_1458	MazEF	MazEF	CDBIFC_11125,CDBIFC_11130
OWC_1458	RM	RM_Type_IV	CDBIFC_12030
OWC_1459	SoFIC	SoFic	NFECMG_05915
OWC_1460	RM	RM_Type_IV	HKEKNF_01325,HKEKNF_01330
OWC_1461	PD-T4-4	PD-T4-4	COJNHA_03425,COJNHA_03430
OWC_1461	Shedu	Shedu	COJNHA_07145
OWC_1461	SoFIC	SoFic	COJNHA_07780
OWC_1462	AbiE	AbiE	CDCEHI_01815,CDCEHI_01820
OWC_1462	SoFIC	SoFic	CDCEHI_02180
OWC_1462	Shedu	Shedu	CDCEHI_05340
OWC_1462	AbiD	AbiD	CDCEHI_05750
OWC_1462	Shedu	Shedu	CDCEHI_06275
OWC_1462	RM	RM_Type_I	CDCEHI_08505,CDCEHI_08515,CDCEHI_08530
OWC_1462	Kiwa	Kiwa	CDCEHI_08520,CDCEHI_08525
OWC_1462	RM	RM_Type_IIG	CDCEHI_08880
OWC_1462	RM	RM_Type_IIG	CDCEHI_09095,CDCEHI_09105
OWC_1462	RM	RM_Type_III	CDCEHI_10310,CDCEHI_10320
OWC_1462	AbiU	AbiU	CDCEHI_10715
OWC_1462	RM	RM_Type_IIG	CDCEHI_11295
OWC_1462	RM	RM_Type_IIG	CDCEHI_13405
OWC_1462	Cas	CAS_Class1-Subtype-I-E	CDCEHI_14870,CDCEHI_14875,CDCEHI_14880
OWC_1462	Cas	CAS_Class1-Subtype-I-C	CDCEHI_16275,CDCEHI_16280,CDCEHI_16285
OWC_1462	Cas	CAS_Class1-Subtype-III-C	CDCEHI_17270,CDCEHI_17275
OWC_1463	AbiE	AbiE	LEDFHA_02525,LEDFHA_02530
OWC_1463	MazEF	MazEF	LEDFHA_03615,LEDFHA_03620
OWC_1463	SoFIC	SoFic	LEDFHA_07910
OWC_1465	CapRel	CapRel	NNBDLC_07840
OWC_1466	AbiL	AbiL	CCJDHO_15065,CCJDHO_15070
OWC_1467	Lamassu-Fam	Lamassu-Protease	KONJFN_02200,KONJFN_02215
OWC_1468	MazEF	MazEF	DJGBEN_03085,DJGBEN_03090
OWC_1474	RM	RM_Type_I	MOMKOF_01360,MOMKOF_01365,MOMKOF_01375
OWC_1474	MazEF	MazEF	MOMKOF_02660,MOMKOF_02665
OWC_1474	MazEF	MazEF	MOMKOF_04935,MOMKOF_04940
OWC_1474	AbiD	AbiD	MOMKOF_11410
OWC_1474	Cas	CAS_Class1-Subtype-I-E	MOMKOF_12915,MOMKOF_12920,MOMKOF_12925,MOMKOF_12930,MOMKOF_12935,MOMKOF_12940,MOMKOF_12945,MOMKOF_12950,MOMKOF_12955
OWC_1474	Cas	CAS_Class1-Subtype-I-C	MOMKOF_15310,MOMKOF_15315,MOMKOF_15320,MOMKOF_15325,MOMKOF_15330,MOMKOF_15335,MOMKOF_15340
OWC_1475	BREX	BREX_I	FKOOJO_00220,FKOOJO_00225,FKOOJO_00230
OWC_1475	RM	RM_Type_IIG	FKOOJO_08815
OWC_1475	RM	RM_Type_II	FKOOJO_09730,FKOOJO_09735
OWC_1475	Cas	CAS_Class1-Subtype-I-C	FKOOJO_09935,FKOOJO_09945,FKOOJO_09950,FKOOJO_09955,FKOOJO_09960,FKOOJO_09965,FKOOJO_09970,FKOOJO_09975
OWC_1475	Cas	CAS_Class1-Subtype-III-B	FKOOJO_10710,FKOOJO_10715,FKOOJO_10720,FKOOJO_10725
OWC_1475	Wadjet	Wadjet_II	FKOOJO_10935,FKOOJO_10940,FKOOJO_10945,FKOOJO_10950
OWC_1475	Cas	CAS_Cluster	FKOOJO_16190,FKOOJO_16195,FKOOJO_16200,FKOOJO_16205
OWC_1475	Wadjet	Wadjet_III	FKOOJO_19160,FKOOJO_19165,FKOOJO_19170
OWC_1476	SoFIC	SoFic	KIHGEJ_10280
OWC_1477	AbiE	AbiE	HPNAKB_00655,HPNAKB_00660
OWC_1478	SoFIC	SoFic	MOKCFB_08855
OWC_1479	RosmerTA	RosmerTA	CGAAPK_12525,CGAAPK_12530
OWC_1480	ShosTA	ShosTA	DIIPFH_11045,DIIPFH_11050
OWC_1483	RM	RM_Type_IIG	FOFHMH_10105
OWC_1483	AbiE	AbiE	FOFHMH_19660,FOFHMH_19665
OWC_1483	SoFIC	SoFic	FOFHMH_23180
OWC_1483	RM	RM_Type_IV	FOFHMH_30540
OWC_1483	Wadjet	Wadjet_I	FOFHMH_31665,FOFHMH_31670,FOFHMH_31675
OWC_1500	MazEF	MazEF	KNHMHK_00860,KNHMHK_00865
OWC_1507	SoFIC	SoFic	GLPOHI_00670
OWC_1521	SoFIC	SoFic	IKBJJE_03585
OWC_1522	SoFIC	SoFic	BKNAFG_03675
OWC_1530	SoFIC	SoFic	FMNBFF_04395
OWC_1531	MazEF	MazEF	GHMPEK_07415,GHMPEK_07420
OWC_1532	MazEF	MazEF	OHMJGP_12020,OHMJGP_12025
OWC_1533	Avs	Avs_III	NJGJFC_05975,NJGJFC_05980
OWC_1539	SoFIC	SoFic	GLMEKE_04735
OWC_1542	AbiE	AbiE	HODNJJ_05980,HODNJJ_05985
OWC_1544	MazEF	MazEF	NJGNOL_10670,NJGNOL_10675
OWC_1548	MazEF	MazEF	EMHPLF_10690,EMHPLF_10695
OWC_1551	MazEF	MazEF	NICMEA_10290,NICMEA_10295
OWC_1553	Gabija	Gabija	ILLHBD_00500,ILLHBD_00505
OWC_1553	RM	RM_Type_II	ILLHBD_03060,ILLHBD_03065
OWC_1553	SspBCDE	SspBCDE	ILLHBD_05745,ILLHBD_05750,ILLHBD_05755
OWC_1553	Cas	CAS_Class1-Subtype-III-A	ILLHBD_09110,ILLHBD_09120,ILLHBD_09125,ILLHBD_09130,ILLHBD_09135,ILLHBD_09140,ILLHBD_09145,ILLHBD_09150
OWC_1553	RM	RM_Type_III	ILLHBD_10060,ILLHBD_10070
OWC_1553	RM	RM_Type_II	ILLHBD_13745,ILLHBD_13755
OWC_1554	RM	RM_Type_II	KAPDHO_00695,KAPDHO_00700
OWC_1557	RM	RM_Type_I	CLNPLB_08390,CLNPLB_08395,CLNPLB_08400
OWC_1560	MazEF	MazEF	JEANLF_01170,JEANLF_01175
OWC_1560	MazEF	MazEF	JEANLF_04915,JEANLF_04920
OWC_1563	Cas	CAS_Class1-Subtype-I-G	GGOKGE_10910,GGOKGE_10915,GGOKGE_10920
OWC_1563	MazEF	MazEF	GGOKGE_16155,GGOKGE_16160
OWC_1563	Cas	CAS_Class1-Subtype-III-A	GGOKGE_18310,GGOKGE_18315,GGOKGE_18320
OWC_1564	AbiE	AbiE	ELEIDJ_09550,ELEIDJ_09555
OWC_1570	MazEF	MazEF	LPEANG_10935,LPEANG_10940
OWC_1572	AbiE	AbiE	DJANDM_05495,DJANDM_05500
OWC_1576	MazEF	MazEF	OJNBLH_03890,OJNBLH_03895
OWC_1581	MazEF	MazEF	IHDDIK_20655,IHDDIK_20660
OWC_1582	AbiE	AbiE	DBGINB_16635,DBGINB_16640
OWC_1584	RM	RM_Type_IV	NCGJAN_12335
OWC_1585	RM	RM_Type_I	AKNMGC_00460,AKNMGC_00475,AKNMGC_00485
OWC_1585	Lamassu-Fam	Lamassu-Cap4_nuclease	AKNMGC_03125,AKNMGC_03130,AKNMGC_03135
OWC_1585	AbiE	AbiE	AKNMGC_06185,AKNMGC_06190
OWC_1585	Cas	CAS_Class1-Subtype-I-C	AKNMGC_08865,AKNMGC_08870,AKNMGC_08875,AKNMGC_08880,AKNMGC_08890,AKNMGC_08895,AKNMGC_08900
OWC_1585	AbiE	AbiE	AKNMGC_12940,AKNMGC_12945
OWC_1585	RM	RM_Type_I	AKNMGC_13840,AKNMGC_13845,AKNMGC_13860
OWC_1585	pAgo	pAgo_LongA	AKNMGC_17735
OWC_1585	RM	RM_Type_I	AKNMGC_18125,AKNMGC_18130,AKNMGC_18145
OWC_1585	RM	RM_Type_II	AKNMGC_18555,AKNMGC_18560
OWC_1585	MazEF	MazEF	AKNMGC_21035,AKNMGC_21040
OWC_1585	MazEF	MazEF	AKNMGC_21985,AKNMGC_21990
OWC_1585	RM	RM_Type_IIG	AKNMGC_23630
OWC_1585	RM	RM_Type_I	AKNMGC_27260,AKNMGC_27265,AKNMGC_27275
OWC_1585	RM	RM_Type_II	AKNMGC_28100,AKNMGC_28105
OWC_1585	Cas	CAS_Cluster	AKNMGC_28220,AKNMGC_28225,AKNMGC_28230,AKNMGC_28235
OWC_1589	MazEF	MazEF	GPEPIL_21600,GPEPIL_21605
OWC_1590	dCTPdeaminase	dCTPdeaminase	EIOKPA_16745
OWC_1592	SoFIC	SoFic	LNFGNK_00860
OWC_1609	GasderMIN	GasderMIN	IGGFDK_00145
OWC_1614	PfiAT	PfiAT	CBHNKN_12690,CBHNKN_12695
OWC_1614	RM	RM_Type_IV	CBHNKN_16775,CBHNKN_16780
OWC_1619	SoFIC	SoFic	PHPNML_06435
OWC_1620	SoFIC	SoFic	LJAPEI_05150
OWC_1620	SoFIC	SoFic	LJAPEI_16040
OWC_1622	RM	RM_Type_IV	AJIMON_08720
OWC_1629	AbiE	AbiE	AJGCAL_09855,AJGCAL_09860
OWC_1630	SoFIC	SoFic	JKGCIN_17455
OWC_1631	SoFIC	SoFic	PGEBPC_00365
OWC_1631	RM	RM_Type_IIG	PGEBPC_04510
OWC_1631	AbiE	AbiE	PGEBPC_17950,PGEBPC_17955
OWC_1632	AbiE	AbiE	BHJMHP_16995,BHJMHP_17000
OWC_1633	SoFIC	SoFic	LJINAA_01680
OWC_1634	SoFIC	SoFic	NGINCJ_14375
OWC_1635	Viperin	Viperin	KMPMOI_10250
OWC_1636	Cas	CAS_Class1-Subtype-I-C	EGJCCD_21235,EGJCCD_21240,EGJCCD_21245,EGJCCD_21250
OWC_1637	CBASS	CBASS_I	OALFPM_01355,OALFPM_01360
OWC_1637	Septu	Septu	OALFPM_06390,OALFPM_06395
OWC_1637	RM	RM_Type_II	OALFPM_15695,OALFPM_15700
OWC_1637	Septu	Septu	OALFPM_16735,OALFPM_16740
OWC_1637	AbiD	AbiD	OALFPM_19730
OWC_1637	DarTG	DarTG	OALFPM_22500,OALFPM_22505
OWC_1637	GAPS1	GAPS1	OALFPM_29365
OWC_1637	Septu	Septu	OALFPM_29890,OALFPM_29895
OWC_1637	Retron	Retron_XIII	OALFPM_30450,OALFPM_30455
OWC_1637	CBASS	CBASS_I	OALFPM_33025,OALFPM_33030
OWC_1637	Septu	Septu	OALFPM_33820,OALFPM_33825
OWC_1637	Septu	Septu	OALFPM_34255,OALFPM_34260
OWC_1637	Cas	CAS_Class1-Subtype-I-G	OALFPM_35275,OALFPM_35280
OWC_1637	Cas	CAS_Class1-Subtype-III-B	OALFPM_42540,OALFPM_42545,OALFPM_42550,OALFPM_42555
OWC_1637	Septu	Septu	OALFPM_42620,OALFPM_42625
OWC_1637	CBASS	CBASS_I	OALFPM_42645,OALFPM_42650
OWC_1637	RM	RM_Type_II	OALFPM_43605,OALFPM_43610
OWC_1637	Retron	Retron_XII	OALFPM_44905
OWC_1637	RM	RM_Type_IV	OALFPM_45370
OWC_1637	dCTPdeaminase	dCTPdeaminase	OALFPM_45420
OWC_1637	BREX	BREX_II	OALFPM_46730,OALFPM_46735,OALFPM_46740,OALFPM_46745
OWC_1640	AbiE	AbiE	MDDNEN_05675,MDDNEN_05680
OWC_1643	SoFIC	SoFic	LEKBIF_25140
OWC_1644	SoFIC	SoFic	HHMDPI_10135
OWC_1645	SoFIC	SoFic	IMOPDG_06535
OWC_1645	SoFIC	SoFic	IMOPDG_20310
OWC_1646	AbiE	AbiE	JEKDBF_19150,JEKDBF_19155
OWC_1647	Retron	Retron_XIII	DFFNFN_20975,DFFNFN_20980
OWC_1649	AbiE	AbiE	CEFHEF_31295,CEFHEF_31300
OWC_1652	SoFIC	SoFic	GPMAFC_14565
OWC_1652	Retron	Retron_XIII	GPMAFC_32475,GPMAFC_32485,GPMAFC_32490
OWC_1653	SoFIC	SoFic	PHLOOC_11050
OWC_1654	SoFIC	SoFic	ICEJDF_06505
OWC_1654	RosmerTA	RosmerTA	ICEJDF_24625,ICEJDF_24630
OWC_1654	ShosTA	ShosTA	ICEJDF_25580,ICEJDF_25585
OWC_1655	Retron	Retron_XIII	NHEIKG_05940,NHEIKG_05945
OWC_1656	Retron	Retron_XIII	NNKFPO_07405,NNKFPO_07410
OWC_1657	SoFIC	SoFic	PAFFMO_07090
OWC_1659	SoFIC	SoFic	NIMPLM_03145
OWC_1662	MazEF	MazEF	KLKHCC_08375,KLKHCC_08380
OWC_1663	PfiAT	PfiAT	JDJIBB_09405,JDJIBB_09410
OWC_1666	AbiE	AbiE	ECJPAA_16805,ECJPAA_16810
OWC_1670	Paris	PARIS_I	HGEBBP_00765,HGEBBP_00770
OWC_1670	RM	RM_Type_IIG	HGEBBP_01585
OWC_1670	RM	RM_Type_IIG	HGEBBP_07155
OWC_1670	Septu	Septu	HGEBBP_10245,HGEBBP_10250
OWC_1670	Shedu	Shedu	HGEBBP_13845
OWC_1670	PD-Lambda-1	PD-Lambda-1	HGEBBP_15360
OWC_1670	Septu	Septu	HGEBBP_18105,HGEBBP_18110
OWC_1670	DarTG	DarTG	HGEBBP_21165,HGEBBP_21170
OWC_1670	RM	RM_Type_IIG	HGEBBP_25600
OWC_1670	Septu	Septu	HGEBBP_31215,HGEBBP_31220
OWC_1670	RM	RM_Type_IV	HGEBBP_31975
OWC_1670	Retron	Retron_XIII	HGEBBP_33860,HGEBBP_33865
OWC_1670	RM	RM_Type_IV	HGEBBP_36090
OWC_1670	Viperin	Viperin	HGEBBP_37160
OWC_1671	Septu	Septu	DIMKFC_06355,DIMKFC_06360
OWC_1671	RM	RM_Type_IIG	DIMKFC_06920
OWC_1671	Gabija	Gabija	DIMKFC_07490,DIMKFC_07500
OWC_1671	CBASS	CBASS_II	DIMKFC_10335,DIMKFC_10340,DIMKFC_10345
OWC_1674	Septu	Septu	KDINGL_00745,KDINGL_00750
OWC_1674	Retron	Retron_XIII	KDINGL_12570,KDINGL_12575
OWC_1676	RM	RM_Type_I	EANEGJ_01045,EANEGJ_01055
OWC_1676	AbiE	AbiE	EANEGJ_03455,EANEGJ_03460
OWC_1676	AbiE	AbiE	EANEGJ_08845,EANEGJ_08850
OWC_1676	RM	RM_Type_IIG	EANEGJ_12625
OWC_1677	SoFIC	SoFic	GBEEAC_21265
OWC_1678	RM	RM_Type_II	DPAPJE_07885,DPAPJE_07890
OWC_1678	SoFIC	SoFic	DPAPJE_09400
OWC_1679	SoFIC	SoFic	OGNLDH_11245
OWC_1679	SoFIC	SoFic	OGNLDH_20195
OWC_1681	RM	RM_Type_IIG	MGLDKC_07810
OWC_1682	AbiE	AbiE	GEEAKJ_08015,GEEAKJ_08020
OWC_1683	RM	RM_Type_IIG	OFNHEO_21085
OWC_1683	RM	RM_Type_IIG	OFNHEO_33065,OFNHEO_33070
OWC_1689	AbiE	AbiE	MCOEPI_08015,MCOEPI_08020
OWC_1689	SoFIC	SoFic	MCOEPI_25570
OWC_1700	SoFIC	SoFic	INGKCD_18580
OWC_1702	SoFIC	SoFic	LKJMCC_03355
OWC_1702	AbiE	AbiE	LKJMCC_03375,LKJMCC_03380,LKJMCC_03395
OWC_1702	RM	RM_Type_I	LKJMCC_03795,LKJMCC_03800
OWC_1702	AbiE	AbiE	LKJMCC_12025,LKJMCC_12030
OWC_1703	CBASS	CBASS_II	FBFDDD_04520,FBFDDD_04525,FBFDDD_04530,FBFDDD_04535
OWC_1703	Gao_Iet	Gao_Iet	FBFDDD_05280,FBFDDD_05285
OWC_1709	PD-T4-3	PD-T4-3	FKBAKN_01855
OWC_1711	RM	RM_Type_IIG	IONFOE_05230
OWC_1711	SoFIC	SoFic	IONFOE_13950
OWC_1712	AbiE	AbiE	LFBBII_04845,LFBBII_04850
OWC_1713	MazEF	MazEF	EBDEKN_02560,EBDEKN_02565
OWC_1714	Cas	CAS_Class1-Subtype-I-B	FONEJK_02545,FONEJK_02550,FONEJK_02555
OWC_1716	PfiAT	PfiAT	HJFLDI_03610,HJFLDI_03615
OWC_1716	Cas	CAS_Class1-Subtype-I-B	HJFLDI_05730,HJFLDI_05735,HJFLDI_05740,HJFLDI_05745,HJFLDI_05750
OWC_1716	RM	RM_Type_IIG	HJFLDI_05845
OWC_1721	AbiC	AbiC	JLEIIM_04200
OWC_1728	MazEF	MazEF	BEOOBK_10195,BEOOBK_10200
OWC_1732	MazEF	MazEF	BCHAMA_08305,BCHAMA_08310
OWC_1746	Wadjet	Wadjet_I	IPFHAK_06445,IPFHAK_06450,IPFHAK_06455,IPFHAK_06460
OWC_1746	SoFIC	SoFic	IPFHAK_07575
OWC_1748	PD-T7-3	PD-T7-3	FFOBHH_10495
OWC_1750	PfiAT	PfiAT	PINCJA_06545,PINCJA_06550
OWC_1753	MazEF	MazEF	EOMCKF_05205,EOMCKF_05210
OWC_1753	PfiAT	PfiAT	EOMCKF_10015,EOMCKF_10020
OWC_1756	RM	RM_Type_II	IDOBKD_04400,IDOBKD_04405
OWC_1756	AbiC	AbiC	IDOBKD_09950
OWC_1756	PfiAT	PfiAT	IDOBKD_10075,IDOBKD_10080
OWC_1761	RM	RM_Type_II	OIODFI_07505,OIODFI_07510
OWC_1772	MazEF	MazEF	DEBBEF_01370,DEBBEF_01375
OWC_1780	SoFIC	SoFic	HGACAF_01935
OWC_1793	GasderMIN	GasderMIN	OMHLIJ_09495
OWC_1795	Cas	CAS_Class1-Subtype-III-A	DGAIHM_11885,DGAIHM_11890,DGAIHM_11895
OWC_1803	AbiD	AbiD	PEPGKF_09245
OWC_1805	Cas	CAS_Class2-Subtype-V-A	APCDKD_05150,APCDKD_05155,APCDKD_05160,APCDKD_05165
OWC_1805	RM	RM_Type_I	APCDKD_06420,APCDKD_06435,APCDKD_06445
OWC_1805	SoFIC	SoFic	APCDKD_06440
OWC_1805	RM	RM_Type_II	APCDKD_07170,APCDKD_07180
OWC_1810	RM	RM_Type_III	GDDIPB_01095,GDDIPB_01100
OWC_1810	RM	RM_Type_I	GDDIPB_06535,GDDIPB_06545,GDDIPB_06560
OWC_1810	SoFIC	SoFic	GDDIPB_06555
OWC_1817	RM	RM_Type_II	EOIEJE_08860,EOIEJE_08870
OWC_1826	RM	RM_Type_II	NJDIJJ_04350,NJDIJJ_04355
OWC_1849	PD-T7-4	PD-T7-4	DNGAAD_02710
OWC_1850	RM	RM_Type_IIG	CGCLGH_02545
OWC_1854	RM	RM_Type_I	AOBIFD_00695,AOBIFD_00705,AOBIFD_00710
OWC_1854	SoFIC	SoFic	AOBIFD_02365
OWC_1854	PD-T4-3	PD-T4-3	AOBIFD_02490
OWC_1854	RM	RM_Type_IIG	AOBIFD_03160
OWC_1854	RM	RM_Type_II	AOBIFD_03270,AOBIFD_03275,AOBIFD_03280,AOBIFD_03310
OWC_1854	CBASS	CBASS_II	AOBIFD_03325,AOBIFD_03330,AOBIFD_03335
OWC_1855	Pycsar	Pycsar	HDMDGM_00450,HDMDGM_00455,HDMDGM_00460
OWC_1855	RM	RM_Type_III	HDMDGM_00465,HDMDGM_00470
OWC_1855	RM	RM_Type_I	HDMDGM_01495,HDMDGM_01515,HDMDGM_01530
OWC_1855	PD-T7-2	PD-T7-2	HDMDGM_01520,HDMDGM_01525
OWC_1856	RM	RM_Type_II	FGNMAN_00715,FGNMAN_00730
OWC_1856	RM	RM_Type_II	FGNMAN_02055,FGNMAN_02060
OWC_1858	RosmerTA	RosmerTA	IKKFEG_02430,IKKFEG_02435
OWC_1859	SoFIC	SoFic	MFPIPE_14525
OWC_1860	Cas	CAS_Class1-Subtype-I-G	MFHBOP_03990,MFHBOP_03995,MFHBOP_04000,MFHBOP_04005
OWC_1860	Septu	Septu	MFHBOP_15270,MFHBOP_15275
OWC_1861	SoFIC	SoFic	MAOEEJ_00080
OWC_1861	RM	RM_Type_III	MAOEEJ_02770,MAOEEJ_02775
OWC_1861	RM	RM_Type_II	MAOEEJ_03550,MAOEEJ_03555
OWC_1861	RM	RM_Type_IIG	MAOEEJ_08470
OWC_1861	RM	RM_Type_IIG	MAOEEJ_15065
OWC_1861	RM	RM_Type_II	MAOEEJ_17475,MAOEEJ_17480
OWC_1863	RM	RM_Type_IIG	JJOJOD_14665
OWC_1866	Retron	Retron_XIII	PINKEO_09320,PINKEO_09325
OWC_1866	AbiE	AbiE	PINKEO_17050,PINKEO_17055
OWC_1867	Retron	Retron_XIII	KOHFFN_14200,KOHFFN_14205
OWC_1868	SoFIC	SoFic	HPMNIJ_10405
OWC_1869	SoFIC	SoFic	IFFONA_02045
OWC_1870	AbiE	AbiE	GEADBK_07595,GEADBK_07600
OWC_1877	SoFIC	SoFic	PAEGNG_04130
OWC_1877	RM	RM_Type_III	PAEGNG_08460,PAEGNG_08470
OWC_1879	RM	RM_Type_I	NEHHIJ_07790,NEHHIJ_07800,NEHHIJ_07810
OWC_1880	RM	RM_Type_II	GALKEJ_03930,GALKEJ_03935
OWC_1880	RM	RM_Type_II	GALKEJ_04355,GALKEJ_04360
OWC_1880	RM	RM_Type_II	GALKEJ_05160,GALKEJ_05165
OWC_1881	Gabija	Gabija	CHMMIB_00455,CHMMIB_00460
OWC_1881	RM	RM_Type_IIG	CHMMIB_00650
OWC_1881	SoFIC	SoFic	CHMMIB_02435
OWC_1881	RM	RM_Type_IIG	CHMMIB_03115
OWC_1881	RM	RM_Type_IIG	CHMMIB_04970
OWC_1881	RM	RM_Type_II	CHMMIB_05265,CHMMIB_05270,CHMMIB_05275
OWC_1881	PD-Lambda-5	PD-Lambda-5	CHMMIB_07015,CHMMIB_07020
OWC_1881	RM	RM_Type_II	CHMMIB_10750,CHMMIB_10755
OWC_1882	RM	RM_Type_II	HONPDO_02280,HONPDO_02285
OWC_1885	RM	RM_Type_II	MMDOPC_22730,MMDOPC_22735
OWC_1886	RM	RM_Type_II	AIGFFD_16020,AIGFFD_16025
OWC_1886	Cas	CAS_Class1-Subtype-I-C	AIGFFD_22875,AIGFFD_22880,AIGFFD_22885,AIGFFD_22890
OWC_1886	Cas	CAS_Class1-Subtype-I-E	AIGFFD_27555,AIGFFD_27560,AIGFFD_27565
OWC_1887	RM	RM_Type_II	LLOEJL_12205,LLOEJL_12210
OWC_1887	Gao_Upx	Gao_Upx	LLOEJL_31160
OWC_1888	SEFIR	SEFIR	AFEFHD_00440
OWC_1889	RM	RM_Type_II	JIAJPO_09785,JIAJPO_09790
OWC_1890	RM	RM_Type_IIG	HDDAPM_04835
OWC_1890	Gabija	Gabija	HDDAPM_08150,HDDAPM_08155
OWC_1891	PD-T4-3	PD-T4-3	KBOAAP_02650
OWC_1891	RM	RM_Type_II	KBOAAP_06420,KBOAAP_06425
OWC_1891	RM	RM_Type_II	KBOAAP_08080,KBOAAP_08085
OWC_1891	RM	RM_Type_II	KBOAAP_08385,KBOAAP_08390
OWC_1891	RM	RM_Type_II	KBOAAP_09765,KBOAAP_09770
OWC_1893	dCTPdeaminase	dCTPdeaminase	PLNCLL_06155
OWC_1895	CBASS	CBASS_II	NIDCJG_05780,NIDCJG_05785,NIDCJG_05790
OWC_1895	PD-Lambda-1	PD-Lambda-1	NIDCJG_07310
OWC_1897	RM	RM_Type_II	NLCAAJ_01950,NLCAAJ_01955
OWC_1897	RM	RM_Type_IIG	NLCAAJ_05830
OWC_1898	RM	RM_Type_IIG	FKLKKI_00435
OWC_1898	SoFIC	SoFic	FKLKKI_04390
OWC_1898	RM	RM_Type_II	FKLKKI_07080,FKLKKI_07085
OWC_1900	RM	RM_Type_IIG	HPLEPK_01860
OWC_1900	Cas	CAS_Class2-Subtype-II-C	HPLEPK_01890,HPLEPK_01895,HPLEPK_01900
OWC_1900	RM	RM_Type_I	HPLEPK_02330,HPLEPK_02360,HPLEPK_02370
OWC_1900	RM	RM_Type_II	HPLEPK_02760,HPLEPK_02770
OWC_1900	RM	RM_Type_II	HPLEPK_03925,HPLEPK_03930
OWC_1900	RM	RM_Type_II	HPLEPK_06285,HPLEPK_06290
OWC_1900	SoFIC	SoFic	HPLEPK_06300
OWC_1900	RM	RM_Type_IIG	HPLEPK_08405
OWC_1900	RM	RM_Type_IIG	HPLEPK_08970
OWC_1900	AbiD	AbiD	HPLEPK_10765
OWC_1900	AbiE	AbiE	HPLEPK_11035,HPLEPK_11040
OWC_1900	RM	RM_Type_III	HPLEPK_11870,HPLEPK_11875
OWC_1901	Gao_TerY	Gao_TerY	COMIAJ_00450,COMIAJ_00455,COMIAJ_00460
OWC_1901	RM	RM_Type_I	COMIAJ_01630,COMIAJ_01635,COMIAJ_01640
OWC_1901	RM	RM_Type_III	COMIAJ_03200,COMIAJ_03205
OWC_1901	RM	RM_Type_II	COMIAJ_03265,COMIAJ_03270
OWC_1901	RM	RM_Type_IV	COMIAJ_04165,COMIAJ_04170
OWC_1901	AbiV	AbiV	COMIAJ_04345
OWC_1901	Avs	Avs_II	COMIAJ_04785
OWC_1901	Retron	Retron_VI	COMIAJ_05975,COMIAJ_05980
OWC_1901	Lamassu-Fam	Lamassu-Cap4_nuclease	COMIAJ_06015,COMIAJ_06020,COMIAJ_06025
OWC_1901	RM	RM_Type_II	COMIAJ_06655,COMIAJ_06685,COMIAJ_06690
OWC_1901	AbiH	AbiH	COMIAJ_08375
OWC_1901	Gabija	Gabija	COMIAJ_08840,COMIAJ_08845
OWC_1901	RM	RM_Type_I	COMIAJ_08910,COMIAJ_08915,COMIAJ_08920
OWC_1901	AbiE	AbiE	COMIAJ_08925,COMIAJ_08930
OWC_1901	Cas	CAS_Class1-Subtype-I-C	COMIAJ_08935,COMIAJ_08940,COMIAJ_08945
OWC_1901	PD-T7-2	PD-T7-2	COMIAJ_09160,COMIAJ_09165
OWC_1901	AbiE	AbiE	COMIAJ_09690,COMIAJ_09695
OWC_1901	DRT	DRT_3	COMIAJ_09745,COMIAJ_09750
OWC_1901	RM	RM_Type_II	COMIAJ_09960,COMIAJ_09965
OWC_1901	RM	RM_Type_III	COMIAJ_10850,COMIAJ_10855
OWC_1901	Retron	Retron_VI	COMIAJ_11820,COMIAJ_11825
OWC_1901	RM	RM_Type_II	COMIAJ_11900,COMIAJ_11910
OWC_1901	Retron	Retron_VI	COMIAJ_12820,COMIAJ_12825
OWC_1901	dCTPdeaminase	dCTPdeaminase	COMIAJ_13190
OWC_1901	Cas	CAS_Class1-Subtype-I-C	COMIAJ_14295,COMIAJ_14300,COMIAJ_14305,COMIAJ_14310,COMIAJ_14315,COMIAJ_14320,COMIAJ_14325
OWC_1901	RM	RM_Type_I	COMIAJ_15600,COMIAJ_15605,COMIAJ_15610
OWC_1901	Cas	CAS_Class1-Subtype-I-C	COMIAJ_16350,COMIAJ_16355,COMIAJ_16360,COMIAJ_16365,COMIAJ_16370
OWC_1901	Gabija	Gabija	COMIAJ_16615,COMIAJ_16620
OWC_1902	RM	RM_Type_IIG	PMFCLG_03375
OWC_1902	RM	RM_Type_II	PMFCLG_03490,PMFCLG_03495
OWC_1902	RM	RM_Type_II	PMFCLG_04490,PMFCLG_04495
OWC_1902	RM	RM_Type_II	PMFCLG_07170,PMFCLG_07175
OWC_1902	Cas	CAS_Class2-Subtype-VI-X	PMFCLG_08745
OWC_1903	Cas	CAS_Cluster	BCEAFC_03610,BCEAFC_03615
OWC_1903	Shango	Shango	BCEAFC_04105,BCEAFC_04110,BCEAFC_04115
OWC_1903	Lamassu-Fam	Lamassu-Cap4_nuclease	BCEAFC_09000,BCEAFC_09005
OWC_1903	RM	RM_Type_II	BCEAFC_10690,BCEAFC_10695
OWC_1903	RM	RM_Type_III	BCEAFC_11935,BCEAFC_11945
OWC_1904	AbiE	AbiE	LDICKO_09740,LDICKO_09745
OWC_1904	SoFIC	SoFic	LDICKO_14315
OWC_1904	AbiE	AbiE	LDICKO_17380,LDICKO_17385
OWC_1904	DRT	DRT9	LDICKO_17940
OWC_1905	Cas	CAS_Class1-Subtype-I-E	HPAMHK_00300,HPAMHK_00305,HPAMHK_00310,HPAMHK_00315,HPAMHK_00320,HPAMHK_00325
OWC_1905	RM	RM_Type_IIG	HPAMHK_00780
OWC_1905	Lamassu-Fam	Lamassu-Amidase	HPAMHK_02285,HPAMHK_02290
OWC_1905	RM	RM_Type_II	HPAMHK_03210,HPAMHK_03215
OWC_1905	RM	RM_Type_III	HPAMHK_06805,HPAMHK_06810
OWC_1905	Septu	Septu	HPAMHK_09700,HPAMHK_09705
OWC_1905	RM	RM_Type_IIG	HPAMHK_10020
OWC_1905	RM	RM_Type_IIG	HPAMHK_10495
OWC_1905	RloC	RloC	HPAMHK_12535
OWC_1905	RM	RM_Type_IIG	HPAMHK_14165
OWC_1905	RM	RM_Type_II	HPAMHK_16815,HPAMHK_16820
OWC_1905	RM	RM_Type_II	HPAMHK_17065,HPAMHK_17070
OWC_1905	RM	RM_Type_II	HPAMHK_17265,HPAMHK_17270
OWC_1905	RM	RM_Type_IIG	HPAMHK_17865
OWC_1905	RM	RM_Type_IIG	HPAMHK_19210
OWC_1905	RM	RM_Type_IIG	HPAMHK_22095
OWC_1906	RM	RM_Type_IIG	IJKBNH_14490
OWC_1907	RM	RM_Type_IIG	FONJJM_00960
OWC_1907	RM	RM_Type_IIG	FONJJM_01030
OWC_1907	RM	RM_Type_IIG	FONJJM_05535
OWC_1907	RM	RM_Type_IIG	FONJJM_06430
OWC_1907	RM	RM_Type_IIG	FONJJM_06550
OWC_1907	Avs	Avs_IV	FONJJM_09595
OWC_1907	RM	RM_Type_IIG	FONJJM_12435
OWC_1907	Shedu	Shedu	FONJJM_13110
OWC_1907	RM	RM_Type_II	FONJJM_14645,FONJJM_14650
OWC_1907	RM	RM_Type_IIG	FONJJM_16830
OWC_1907	RM	RM_Type_IIG	FONJJM_17130
OWC_1907	Rst_DUF4238	Rst_DUF4238	FONJJM_17320
OWC_1907	MazEF	MazEF	FONJJM_17480,FONJJM_17485
OWC_1907	RM	RM_Type_II	FONJJM_19705,FONJJM_19730
OWC_1907	RM	RM_Type_II	FONJJM_21355,FONJJM_21360
OWC_1908	SoFIC	SoFic	OBJCKM_14780
OWC_1909	PD-Lambda-1	PD-Lambda-1	JDLEFI_11130
OWC_1909	RM	RM_Type_II	JDLEFI_13740,JDLEFI_13745
OWC_1910	SanaTA	SanaTA	BNPBOO_05210,BNPBOO_05215
OWC_1911	RM	RM_Type_II	HBGHJE_07330,HBGHJE_07335
OWC_1911	RM	RM_Type_I	HBGHJE_09615,HBGHJE_09625
OWC_1911	SoFIC	SoFic	HBGHJE_18125
OWC_1912	AbiE	AbiE	FOJLLK_03745,FOJLLK_03750
OWC_1914	MazEF	MazEF	NDCMHP_01665,NDCMHP_01670
OWC_1914	AbiE	AbiE	NDCMHP_09100,NDCMHP_09105
OWC_1917	Cas	CAS_Class2-Subtype-II-C	MLNCMM_16185,MLNCMM_16190,MLNCMM_16195
OWC_1917	AbiU	AbiU	MLNCMM_17305
OWC_1923	Pycsar	Pycsar	KIIPCL_19000,KIIPCL_19035
OWC_1924	Pycsar	Pycsar	FDOPFD_06900,FDOPFD_06910
OWC_1930	SoFIC	SoFic	KEMIMI_11980
OWC_1941	Cas	CAS_Class2-Subtype-II-C	BOFDOP_10245,BOFDOP_10250,BOFDOP_10255
OWC_1941	Cas	CAS_Class1-Subtype-I-C	BOFDOP_14300,BOFDOP_14305,BOFDOP_14310
OWC_1941	RM	RM_Type_IIG	BOFDOP_20625
OWC_1943	MazEF	MazEF	GLCKFC_01530,GLCKFC_01535
OWC_1946	CBASS	CBASS_III	OEPMLM_00285,OEPMLM_00290,OEPMLM_00295,OEPMLM_00300
OWC_1946	RM	RM_Type_I	OEPMLM_00425,OEPMLM_00435
OWC_1947	MazEF	MazEF	GDEBEG_02955,GDEBEG_02960
OWC_1947	RM	RM_Type_II	GDEBEG_08975,GDEBEG_08980
OWC_1947	RM	RM_Type_II	GDEBEG_11840,GDEBEG_11845
OWC_1947	Druantia	Druantia_III	GDEBEG_12695,GDEBEG_12700
OWC_1950	RM	RM_Type_II	DCGKKO_12970,DCGKKO_12975
OWC_1950	MazEF	MazEF	DCGKKO_23620,DCGKKO_23625
OWC_1953	RM	RM_Type_II	DMJBCF_17235,DMJBCF_17240
OWC_1955	MazEF	MazEF	OBILGM_01275,OBILGM_01280
OWC_1955	MazEF	MazEF	OBILGM_08450,OBILGM_08455
OWC_1959	RloC	RloC	EJNDCA_00780
OWC_1961	RM	RM_Type_IIG	KFMPBH_05265
OWC_1962	SoFIC	SoFic	DLDIAG_00825
OWC_1967	PD-Lambda-2	PD-Lambda-2	PEEILK_00915,PEEILK_00920,PEEILK_00925
OWC_1967	RM	RM_Type_IIG	PEEILK_02100
OWC_1967	Wadjet	Wadjet_I	PEEILK_04225,PEEILK_04230,PEEILK_04235,PEEILK_04240
OWC_1967	PD-T7-4	PD-T7-4	PEEILK_12390
OWC_1967	Gabija	Gabija	PEEILK_15150,PEEILK_15155
OWC_1967	AbiE	AbiE	PEEILK_18475,PEEILK_18480
OWC_1967	CBASS	CBASS_I	PEEILK_21740,PEEILK_21745
OWC_1977	DarTG	DarTG	FMJJFB_02650,FMJJFB_02655
OWC_1977	RM	RM_Type_IIG	FMJJFB_02830
OWC_1977	RM	RM_Type_II	FMJJFB_03930,FMJJFB_03950
OWC_1977	RM	RM_Type_II	FMJJFB_05010,FMJJFB_05020,FMJJFB_05025
OWC_1977	AbiL	AbiL	FMJJFB_08205,FMJJFB_08210
OWC_1980	AbiE	AbiE	DDLGPD_14260,DDLGPD_14265
OWC_1982	RM	RM_Type_II	FLJECK_03065,FLJECK_03070
OWC_1985	MazEF	MazEF	AKJMEO_03610,AKJMEO_03615
OWC_1986	SoFIC	SoFic	GLGOEP_08175
OWC_1986	RM	RM_Type_II	GLGOEP_18060,GLGOEP_18065
OWC_1990	SoFIC	SoFic	PDENGK_06540
OWC_1993	Pycsar	Pycsar	CMHKDA_10180,CMHKDA_10185
OWC_1996	Avs	Avs_IV	JECMDE_05195
OWC_1996	AbiE	AbiE	JECMDE_09215,JECMDE_09220
OWC_1997	MazEF	MazEF	OOCAPH_05420,OOCAPH_05425
OWC_1999	MazEF	MazEF	DPONHF_13570,DPONHF_13575
OWC_2001	MazEF	MazEF	LJNEBG_00855,LJNEBG_00860
OWC_2008	SoFIC	SoFic	BBOACP_06505
OWC_2010	SoFIC	SoFic	IDLNHG_05730
OWC_2010	AbiE	AbiE	IDLNHG_07245,IDLNHG_07250
OWC_2012	ShosTA	ShosTA	ICEFGN_09250,ICEFGN_09255
OWC_2016	SoFIC	SoFic	JMGBBG_00700
OWC_2018	SoFIC	SoFic	CNJGNM_03210
OWC_2028	CapRel	CapRel	ICNOHD_03500
OWC_2028	RM	RM_Type_IIG	ICNOHD_06350
OWC_2028	RM	RM_Type_II	ICNOHD_06555,ICNOHD_06560
OWC_2028	RM	RM_Type_II	ICNOHD_06555,ICNOHD_06560
OWC_2028	Shedu	Shedu	ICNOHD_06555
OWC_2028	Shedu	Shedu	ICNOHD_06555
OWC_2028	SoFIC	SoFic	ICNOHD_07640
OWC_2028	RM	RM_Type_IIG	ICNOHD_07885
OWC_2028	MazEF	MazEF	ICNOHD_08515,ICNOHD_08520
OWC_2028	RM	RM_Type_IIG	ICNOHD_09390
OWC_2030	MazEF	MazEF	FIDPAE_08275,FIDPAE_08280
OWC_2031	MazEF	MazEF	EOIHEK_11830,EOIHEK_11835
OWC_2032	MazEF	MazEF	IMLFEC_03300,IMLFEC_03305
OWC_2032	MazEF	MazEF	IMLFEC_12080,IMLFEC_12085
OWC_2033	MazEF	MazEF	MMPJHA_04180,MMPJHA_04185
OWC_2037	MazEF	MazEF	HEHIFG_13715,HEHIFG_13720
OWC_2045	RM	RM_Type_IIG	PABKFM_06995
OWC_2047	SoFIC	SoFic	OBPJEA_01350
OWC_2048	SoFIC	SoFic	LGKMJP_11610
OWC_2049	SoFIC	SoFic	HICJAJ_00760
OWC_2050	PfiAT	PfiAT	OHFGBN_03435,OHFGBN_03440
OWC_2050	Wadjet	Wadjet_I	OHFGBN_16960,OHFGBN_16965,OHFGBN_16970,OHFGBN_16975
OWC_2050	SoFIC	SoFic	OHFGBN_17025
OWC_2050	Thoeris	Thoeris_I	OHFGBN_19255,OHFGBN_19285,OHFGBN_19295
OWC_2053	Wadjet	Wadjet_I	FJHKEG_14435,FJHKEG_14440,FJHKEG_14445,FJHKEG_14450
OWC_2053	SoFIC	SoFic	FJHKEG_19780
OWC_2054	SanaTA	SanaTA	AMBLHM_14385,AMBLHM_14390
OWC_2054	MazEF	MazEF	AMBLHM_17365,AMBLHM_17370
OWC_2055	AbiE	AbiE	GHMNIO_14650,GHMNIO_14655
OWC_2055	MazEF	MazEF	GHMNIO_16790,GHMNIO_16795
OWC_2055	AbiE	AbiE	GHMNIO_23045,GHMNIO_23050
OWC_2055	AbiE	AbiE	GHMNIO_25865,GHMNIO_25870
OWC_2056	Wadjet	Wadjet_I	BHHHMO_08920,BHHHMO_08925,BHHHMO_08930
OWC_2056	SoFIC	SoFic	BHHHMO_08985
OWC_2056	PfiAT	PfiAT	BHHHMO_21060,BHHHMO_21065
OWC_2060	AbiE	AbiE	OHODHD_03190,OHODHD_03195
OWC_2060	AbiE	AbiE	OHODHD_03915,OHODHD_03920
OWC_2060	SanaTA	SanaTA	OHODHD_14855,OHODHD_14860
OWC_2060	RM	RM_Type_IV	OHODHD_17770
OWC_2086	SoFIC	SoFic	FMGBNK_05975
OWC_2086	AbiE	AbiE	FMGBNK_12605,FMGBNK_12610
OWC_2088	Septu	Septu	HECECH_01625,HECECH_01630
OWC_2088	SoFIC	SoFic	HECECH_03945
OWC_2088	Olokun	Olokun	HECECH_04145,HECECH_04150
OWC_2088	Septu	Septu	HECECH_09705,HECECH_09710
OWC_2088	SoFIC	SoFic	HECECH_10605
OWC_2088	SanaTA	SanaTA	HECECH_17130,HECECH_17135
OWC_2088	RADAR	radar_II	HECECH_17140,HECECH_17145,HECECH_17150
OWC_2088	MazEF	MazEF	HECECH_17620,HECECH_17625
OWC_2088	Septu	Septu	HECECH_18100,HECECH_18105
OWC_2088	Cas	CAS_Class1-Subtype-I-C	HECECH_18555,HECECH_18560
OWC_2088	SoFIC	SoFic	HECECH_18590
OWC_2093	Septu	Septu	NEBNEE_11920,NEBNEE_11925
OWC_2098	AbiE	AbiE	MLGOJH_06205,MLGOJH_06210
OWC_2100	MazEF	MazEF	PEIFKK_18475,PEIFKK_18480
OWC_2112	MazEF	MazEF	HHKLOH_16090,HHKLOH_16095
OWC_2129	SoFIC	SoFic	FLBNPH_04090
OWC_2130	Wadjet	Wadjet_I	IPCCIL_03270,IPCCIL_03275,IPCCIL_03285
OWC_2132	Cas	CAS_Class2-Subtype-II-C	KFIBEL_00865,KFIBEL_00870,KFIBEL_00875
OWC_2133	MazEF	MazEF	LMOBGC_02170,LMOBGC_02175
OWC_2133	RM	RM_Type_I	LMOBGC_02325,LMOBGC_02335,LMOBGC_02345
OWC_2133	RM	RM_Type_I	LMOBGC_07485,LMOBGC_07495,LMOBGC_07505
OWC_2133	RM	RM_Type_I	LMOBGC_10915,LMOBGC_10935
OWC_2133	Gabija	Gabija	LMOBGC_10920,LMOBGC_10925
OWC_2133	AbiE	AbiE	LMOBGC_12350,LMOBGC_12355
OWC_2133	SoFIC	SoFic	LMOBGC_14995
OWC_2134	RM	RM_Type_IIG	CBOMAN_04330
OWC_2134	SoFIC	SoFic	CBOMAN_09490
OWC_2135	SoFIC	SoFic	NEMENF_09730
OWC_2136	RM	RM_Type_I	JPPKMH_07475,JPPKMH_07480,JPPKMH_07490
OWC_2137	PfiAT	PfiAT	IJAEDD_09840,IJAEDD_09845
OWC_2138	RM	RM_Type_IV	NALHMD_05315
OWC_2138	Cas	CAS_Class2-Subtype-II-C	NALHMD_14500,NALHMD_14505,NALHMD_14510
OWC_2139	RM	RM_Type_II	HFHCEG_08415,HFHCEG_08420,HFHCEG_08425,HFHCEG_08430
OWC_2139	Retron	Retron_III	HFHCEG_10645,HFHCEG_10650
OWC_2139	RM	RM_Type_III	HFHCEG_14425,HFHCEG_14430
OWC_2139	RM	RM_Type_IIG	HFHCEG_15315
OWC_2141	Menshen	Menshen	FGIEDB_06505,FGIEDB_06510,FGIEDB_06515
OWC_2141	RM	RM_Type_IIG	FGIEDB_06910
OWC_2141	RM	RM_Type_IV	FGIEDB_07350
OWC_2141	dGTPase	dGTPase	FGIEDB_08480
OWC_2144	RM	RM_Type_II	EAPFDB_02335,EAPFDB_02340
OWC_2144	SoFIC	SoFic	EAPFDB_04810
OWC_2145	AbiE	AbiE	NDOFGI_11165,NDOFGI_11170
OWC_2146	Detocs	Detocs	HMGFPJ_00365,HMGFPJ_00370,HMGFPJ_00375
OWC_2146	CBASS	CBASS_I	HMGFPJ_05300,HMGFPJ_05305
OWC_2146	RM	RM_Type_I	HMGFPJ_09340,HMGFPJ_09345,HMGFPJ_09355
OWC_2148	SoFIC	SoFic	ODKEFO_03805
OWC_2154	RM	RM_Type_I	HFGEII_08805,HFGEII_08810,HFGEII_08815
OWC_2154	RM	RM_Type_IV	HFGEII_14320
OWC_2158	SoFIC	SoFic	AGKDBJ_10485
OWC_2160	Wadjet	Wadjet_I	HJFOEB_06090,HJFOEB_06095,HJFOEB_06100,HJFOEB_06105
OWC_2162	RM	RM_Type_IIG	HECMCK_06755
OWC_2163	SoFIC	SoFic	PCJCAE_06495
OWC_2163	Wadjet	Wadjet_I	PCJCAE_15780,PCJCAE_15785,PCJCAE_15790
OWC_2165	SoFIC	SoFic	BPHJNG_07125
OWC_2169	Wadjet	Wadjet_I	CGMOIE_04840,CGMOIE_04845,CGMOIE_04850
OWC_2169	Wadjet	Wadjet_I	CGMOIE_12265,CGMOIE_12270,CGMOIE_12275,CGMOIE_12280
OWC_2171	Cas	CAS_Class1-Subtype-I-C	MPMGPI_13575,MPMGPI_13580,MPMGPI_13585,MPMGPI_13600
OWC_2172	RM	RM_Type_IIG	FMFBLP_08240
OWC_2176	Cas	CAS_Cluster	CJKKLN_09450,CJKKLN_09455,CJKKLN_09460
OWC_2179	Cas	CAS_Class1-Subtype-I-C	JDFDBK_08280,JDFDBK_08285,JDFDBK_08300,JDFDBK_08305,JDFDBK_08310
OWC_2181	PD-Lambda-5	PD-Lambda-5	GCDIMO_09005,GCDIMO_09010
OWC_2181	SEFIR	SEFIR	GCDIMO_10625
OWC_2181	RM	RM_Type_IIG	GCDIMO_11225
OWC_2181	RM	RM_Type_I	GCDIMO_16240,GCDIMO_16245,GCDIMO_16265
OWC_2182	RM	RM_Type_IIG	MIMAIB_13020
OWC_2188	MazEF	MazEF	PKHFDM_16150,PKHFDM_16155
OWC_2189	Cas	CAS_Cluster	OFEKID_09905,OFEKID_09910,OFEKID_09915
OWC_2190	Cas	CAS_Class1-Subtype-I-C	NCFCHH_16310,NCFCHH_16315,NCFCHH_16320,NCFCHH_16335
OWC_2200	Cas	CAS_Class1-Subtype-I-C	FDOOHD_11800,FDOOHD_11815,FDOOHD_11820
OWC_2208	Cas	CAS_Class1-Subtype-I-C	LEADBJ_12480,LEADBJ_12485,LEADBJ_12490,LEADBJ_12505
OWC_2219	AbiE	AbiE	DPEHMG_11800,DPEHMG_11805
OWC_2224	MazEF	MazEF	FKGMGG_14825,FKGMGG_14830
OWC_2225	RM	RM_Type_I	HFFMGG_15130,HFFMGG_15135,HFFMGG_15150
OWC_2226	Wadjet	Wadjet_I	KCBEGI_08645,KCBEGI_08650,KCBEGI_08655,KCBEGI_08660
OWC_2236	MazEF	MazEF	KEFDDM_14810,KEFDDM_14815
OWC_2246	SoFIC	SoFic	JGEABP_21595
OWC_2247	RM	RM_Type_I	IKOMHK_16870,IKOMHK_16875,IKOMHK_16885
OWC_2247	RloC	RloC	IKOMHK_16880
OWC_2247	Shedu	Shedu	IKOMHK_18045
OWC_2247	Kiwa	Kiwa	IKOMHK_18355,IKOMHK_18360
OWC_2247	Gao_Upx	Gao_Upx	IKOMHK_20100
OWC_2247	CBASS	CBASS_I	IKOMHK_21630,IKOMHK_21635
OWC_2247	Cas	CAS_Cluster	IKOMHK_21890,IKOMHK_21895
OWC_2251	SoFIC	SoFic	IOFLCO_01890
OWC_2252	RM	RM_Type_IIG	IKBDKD_07950
OWC_2253	DarTG	DarTG	HNAILA_03905,HNAILA_03910
OWC_2253	RM	RM_Type_IIG	HNAILA_08430
OWC_2254	ISG15-like	ISG15-like	OCBEIJ_04585,OCBEIJ_04590,OCBEIJ_04595,OCBEIJ_04600
OWC_2254	RM	RM_Type_IV	OCBEIJ_06445
OWC_2259	RM	RM_Type_II	OHDOJD_08495,OHDOJD_08505
OWC_2262	PfiAT	PfiAT	PNEMAO_01020,PNEMAO_01025
OWC_2268	RM	RM_Type_IIG	ENBELP_07085
OWC_2278	AbiE	AbiE	DJFBMM_04310,DJFBMM_04315
OWC_2282	Septu	Septu	KPICMA_10510,KPICMA_10515
OWC_2283	RM	RM_Type_IIG	NPBMLE_02745
OWC_2283	BREX	BREX_I	NPBMLE_05255,NPBMLE_05260,NPBMLE_05265
OWC_2286	PfiAT	PfiAT	NPBPDA_10560,NPBPDA_10565
OWC_2289	Cas	CAS_Class1-Subtype-I-C	PJCOBJ_02145,PJCOBJ_02150,PJCOBJ_02155
OWC_2289	PfiAT	PfiAT	PJCOBJ_09165,PJCOBJ_09170
OWC_2292	Wadjet	Wadjet_I	GEJAGH_00530,GEJAGH_00535,GEJAGH_00540,GEJAGH_00545
OWC_2293	Wadjet	Wadjet_I	ENEKAB_02885,ENEKAB_02890,ENEKAB_02895
OWC_2293	PfiAT	PfiAT	ENEKAB_06480,ENEKAB_06485
OWC_2293	RM	RM_Type_IV	ENEKAB_10490
OWC_2294	Wadjet	Wadjet_I	HDFIIL_00475,HDFIIL_00480,HDFIIL_00485,HDFIIL_00490
OWC_2296	Wadjet	Wadjet_I	FPEKHI_06945,FPEKHI_06950,FPEKHI_06955,FPEKHI_06960
OWC_2297	PfiAT	PfiAT	PACONJ_08605,PACONJ_08610
OWC_2298	Wadjet	Wadjet_I	HJBMCK_02410,HJBMCK_02415,HJBMCK_02420,HJBMCK_02425
OWC_2298	PfiAT	PfiAT	HJBMCK_08625,HJBMCK_08630
OWC_2299	SoFIC	SoFic	AJFPCF_01770
OWC_2300	Wadjet	Wadjet_I	PBOCDP_01925,PBOCDP_01930,PBOCDP_01935,PBOCDP_01940
OWC_2300	MazEF	MazEF	PBOCDP_08410,PBOCDP_08415
OWC_2301	Wadjet	Wadjet_I	ENFMPH_01080,ENFMPH_01085,ENFMPH_01090,ENFMPH_01095
OWC_2302	Wadjet	Wadjet_I	GIPCFC_01190,GIPCFC_01195,GIPCFC_01205,GIPCFC_01210
OWC_2304	Wadjet	Wadjet_I	CDPMCF_02560,CDPMCF_02565,CDPMCF_02570
OWC_2305	Wadjet	Wadjet_I	FCMHOA_01670,FCMHOA_01675,FCMHOA_01680,FCMHOA_01685
OWC_2307	Wadjet	Wadjet_I	NNCJNM_05855,NNCJNM_05860,NNCJNM_05865
OWC_2308	Wadjet	Wadjet_I	LLDOII_02935,LLDOII_02945,LLDOII_02950
OWC_2311	Wadjet	Wadjet_I	NEMIMA_04105,NEMIMA_04110,NEMIMA_04115,NEMIMA_04120
OWC_2312	Wadjet	Wadjet_I	OLMMIH_01230,OLMMIH_01235,OLMMIH_01240,OLMMIH_01245
OWC_2313	Wadjet	Wadjet_I	KOONGD_02155,KOONGD_02160,KOONGD_02165,KOONGD_02170
OWC_2314	Cas	CAS_Cluster	HLGDNO_13390,HLGDNO_13395,HLGDNO_13400,HLGDNO_13405
OWC_2315	Cas	CAS_Cluster	FLIHIC_01000,FLIHIC_01005,FLIHIC_01010
OWC_2316	RM	RM_Type_IIG	JBAMBK_06545
OWC_2317	RM	RM_Type_IIG	FKJOLF_01840
OWC_2318	MazEF	MazEF	CBKEBF_02625,CBKEBF_02630
OWC_2318	RM	RM_Type_IV	CBKEBF_06135
OWC_2318	RM	RM_Type_IIG	CBKEBF_09050
OWC_2320	Wadjet	Wadjet_I	EMGADP_02945,EMGADP_02950,EMGADP_02955
OWC_2320	MazEF	MazEF	EMGADP_03665,EMGADP_03670
OWC_2320	Cas	CAS_Class1-Subtype-I-C	EMGADP_05680,EMGADP_05685,EMGADP_05700,EMGADP_05705,EMGADP_05710,EMGADP_05715,EMGADP_05720
OWC_2320	RM	RM_Type_IIG	EMGADP_10365
OWC_2321	PD-Lambda-5	PD-Lambda-5	KEEHCM_01040,KEEHCM_01045
OWC_2321	PD-T7-2	PD-T7-2	KEEHCM_07385,KEEHCM_07390
OWC_2321	GAPS2	GAPS2	KEEHCM_08115
OWC_2321	Thoeris	Thoeris_I	KEEHCM_12310,KEEHCM_12315,KEEHCM_12320
OWC_2321	RM	RM_Type_I	KEEHCM_14765,KEEHCM_14770,KEEHCM_14775
OWC_2321	MazEF	MazEF	KEEHCM_15400,KEEHCM_15405
OWC_2321	Retron	Retron_I_A	KEEHCM_16150,KEEHCM_16155,KEEHCM_16160
OWC_2323	PfiAT	PfiAT	LMHEJL_01015,LMHEJL_01020
OWC_2326	dCTPdeaminase	dCTPdeaminase	INPFOF_00960
OWC_2327	AbiE	AbiE	MMGKPA_13460,MMGKPA_13465
OWC_2329	dCTPdeaminase	dCTPdeaminase	IBLDBE_22165
OWC_2329	SoFIC	SoFic	IBLDBE_23270
OWC_2332	AbiE	AbiE	BACBJP_07330,BACBJP_07335
OWC_2340	MazEF	MazEF	HOAOGN_03790,HOAOGN_03795
OWC_2342	PfiAT	PfiAT	ALDCFF_12935,ALDCFF_12940
OWC_2347	PfiAT	PfiAT	GCOGCP_00230,GCOGCP_00235
OWC_2361	PfiAT	PfiAT	MKELFI_02640,MKELFI_02645
OWC_2363	PfiAT	PfiAT	GPCNIN_07320,GPCNIN_07325
OWC_2367	PfiAT	PfiAT	HDGAHO_09475,HDGAHO_09480
OWC_2372	RM	RM_Type_IIG	EDANLB_00370
OWC_2379	GasderMIN	GasderMIN	OLIHEO_06540
OWC_2382	RM	RM_Type_II	IBBFFH_04395,IBBFFH_04400
OWC_2382	GAPS2	GAPS2	IBBFFH_09375
OWC_2382	Cas	CAS_Class1-Subtype-I-E	IBBFFH_11145,IBBFFH_11150,IBBFFH_11155
OWC_2383	RosmerTA	RosmerTA	DPNPOF_04885,DPNPOF_04890
OWC_2383	RM	RM_Type_I	DPNPOF_04900,DPNPOF_04905,DPNPOF_04910
OWC_2385	Gabija	Gabija	CINHCP_00180,CINHCP_00185
OWC_2385	Cas	CAS_Class1-Subtype-I-C	CINHCP_00585,CINHCP_00590,CINHCP_00595,CINHCP_00600
OWC_2385	Cas	CAS_Class1-Subtype-I-C	CINHCP_13970,CINHCP_13975,CINHCP_13985
OWC_2390	AbiE	AbiE	HEKEIL_05130,HEKEIL_05135
OWC_2391	SoFIC	SoFic	COGDEP_01535
OWC_2392	RM	RM_Type_II	JDAIGK_01970,JDAIGK_01975
OWC_2392	RM	RM_Type_IIG	JDAIGK_02040
OWC_2392	RM	RM_Type_II	JDAIGK_02315,JDAIGK_02320
OWC_2392	RM	RM_Type_IIG	JDAIGK_03265
OWC_2392	RM	RM_Type_IIG	JDAIGK_09040
OWC_2394	PD-Lambda-1	PD-Lambda-1	IFMHAE_03645
OWC_2394	AbiE	AbiE	IFMHAE_10715,IFMHAE_10720
OWC_2394	Avs	Avs_IV	IFMHAE_11695
OWC_2394	RM	RM_Type_I	IFMHAE_11720,IFMHAE_11730,IFMHAE_11740
OWC_2396	RM	RM_Type_IIG	HLJJEG_10105
OWC_2396	Cas	CAS_Cluster	HLJJEG_14060,HLJJEG_14065
OWC_2397	MazEF	MazEF	ODBBAC_08135,ODBBAC_08140
OWC_2398	SoFIC	SoFic	OGNFBK_00845
OWC_2398	MazEF	MazEF	OGNFBK_01735,OGNFBK_01740
OWC_2398	MazEF	MazEF	OGNFBK_04945,OGNFBK_04950,OGNFBK_04970
OWC_2398	RM	RM_Type_II	OGNFBK_08740,OGNFBK_08745
OWC_2398	Cas	CAS_Class1-Subtype-I-C	OGNFBK_09430,OGNFBK_09445,OGNFBK_09450,OGNFBK_09455,OGNFBK_09460,OGNFBK_09465
OWC_2398	SoFIC	SoFic	OGNFBK_11545
OWC_2398	AbiU	AbiU	OGNFBK_13280
OWC_2398	MazEF	MazEF	OGNFBK_13860,OGNFBK_13865
OWC_2398	AbiE	AbiE	OGNFBK_13930,OGNFBK_13935
OWC_2399	MazEF	MazEF	OIIGGO_05150,OIIGGO_05155
OWC_2399	RM	RM_Type_IIG	OIIGGO_11095
OWC_2399	RM	RM_Type_IV	OIIGGO_14315
OWC_2400	MazEF	MazEF	EOKMPK_20405,EOKMPK_20410
OWC_2403	Cas	CAS_Cluster	DKFDPO_06345,DKFDPO_06355,DKFDPO_06360
OWC_2404	BREX	BREX_I	LNPAAH_06435,LNPAAH_06440,LNPAAH_06450
OWC_2404	BREX	BREX_I	LNPAAH_12300,LNPAAH_12305,LNPAAH_12310
OWC_2405	Cas	CAS_Class1-Subtype-I-G	CMEHLM_02095,CMEHLM_02100,CMEHLM_02110,CMEHLM_02115,CMEHLM_02120,CMEHLM_02125,CMEHLM_02130
OWC_2405	RM	RM_Type_I	CMEHLM_12310,CMEHLM_12315
OWC_2405	RM	RM_Type_IV	CMEHLM_13810,CMEHLM_13815
OWC_2405	Gao_Her	Gao_Her_DUF	CMEHLM_18330,CMEHLM_18335
OWC_2405	RM	RM_Type_I	CMEHLM_22015,CMEHLM_22030,CMEHLM_22035
OWC_2405	MazEF	MazEF	CMEHLM_22055,CMEHLM_22060
OWC_2405	Wadjet	Wadjet_I	CMEHLM_22540,CMEHLM_22545,CMEHLM_22550,CMEHLM_22555
OWC_2408	RM	RM_Type_II	IKPNNN_02730,IKPNNN_02735
OWC_2408	RM	RM_Type_I	IKPNNN_09870,IKPNNN_09875,IKPNNN_09880
OWC_2408	RM	RM_Type_I	IKPNNN_11620,IKPNNN_11625,IKPNNN_11635
OWC_2408	SoFIC	SoFic	IKPNNN_11630
OWC_2408	Cas	CAS_Class1-Subtype-I-C	IKPNNN_14140,IKPNNN_14145,IKPNNN_14150
OWC_2408	Cas	CAS_Class1-Subtype-I-G	IKPNNN_16575,IKPNNN_16580,IKPNNN_16585,IKPNNN_16590,IKPNNN_16595,IKPNNN_16605,IKPNNN_16610
OWC_2413	RM	RM_Type_IIG	NHFBLH_07780
OWC_2415	RM	RM_Type_IIG	FNFKJO_06075
OWC_2415	RM	RM_Type_IIG	FNFKJO_09410
OWC_2415	RM	RM_Type_II	FNFKJO_10005,FNFKJO_10010
OWC_2415	Cas	CAS_Class1-Subtype-IV-B	FNFKJO_11880,FNFKJO_11885,FNFKJO_11890,FNFKJO_11895
OWC_2415	Wadjet	Wadjet_I	FNFKJO_15960,FNFKJO_15965,FNFKJO_15970,FNFKJO_15975
OWC_2416	RM	RM_Type_I	ILHHHG_03860,ILHHHG_03870,ILHHHG_03875
OWC_2416	Cas	CAS_Class1-Subtype-I-C	ILHHHG_17205,ILHHHG_17210,ILHHHG_17215,ILHHHG_17220,ILHHHG_17225,ILHHHG_17245,ILHHHG_17250,ILHHHG_17255
OWC_2417	RM	RM_Type_II	KKPJBN_08980,KKPJBN_08985
OWC_2418	Cas	CAS_Cluster	HALMPG_04525,HALMPG_04530,HALMPG_04535
OWC_2418	RM	RM_Type_I	HALMPG_13155,HALMPG_13160
OWC_2420	MazEF	MazEF	PANHNK_10670,PANHNK_10675
OWC_2420	RM	RM_Type_II	PANHNK_13830,PANHNK_13845
OWC_2420	Wadjet	Wadjet_I	PANHNK_13850,PANHNK_13855,PANHNK_13860,PANHNK_13865
OWC_2420	SoFIC	SoFic	PANHNK_14225
OWC_2422	AbiD	AbiD	DALNJG_00300
OWC_2422	PfiAT	PfiAT	DALNJG_03835,DALNJG_03840
OWC_2428	Cas	CAS_Class1-Subtype-I-E	AFGPOI_04980,AFGPOI_04985
OWC_2428	AbiE	AbiE	AFGPOI_05390,AFGPOI_05395
OWC_2429	PD-T7-4	PD-T7-4	JLANBO_03055
OWC_2430	AbiE	AbiE	AEADGD_01465,AEADGD_01470
OWC_2430	AbiE	AbiE	AEADGD_08040,AEADGD_08045
OWC_2432	BstA	BstA	ANCFMP_01555
OWC_2432	RM	RM_Type_II	ANCFMP_03390,ANCFMP_03395
OWC_2432	RM	RM_Type_II	ANCFMP_03635,ANCFMP_03640
OWC_2432	RM	RM_Type_IIG	ANCFMP_04425
OWC_2432	RM	RM_Type_II	ANCFMP_07910,ANCFMP_07915
OWC_2436	Cas	CAS_Class1-Subtype-I-C	KCFNPA_03710,KCFNPA_03715
OWC_2436	RM	RM_Type_II	KCFNPA_04540,KCFNPA_04545
OWC_2436	RM	RM_Type_II	KCFNPA_05555,KCFNPA_05560
OWC_2438	Cas	CAS_Class1-Subtype-I-C	MNFOIA_01820,MNFOIA_01825,MNFOIA_01830,MNFOIA_01840,MNFOIA_01845,MNFOIA_01850,MNFOIA_01855
OWC_2438	RM	RM_Type_II	MNFOIA_08505,MNFOIA_08525
OWC_2438	Cas	CAS_Class1-Subtype-I-G	MNFOIA_09790,MNFOIA_09795,MNFOIA_09815,MNFOIA_09820,MNFOIA_09825,MNFOIA_09830
OWC_2438	SanaTA	SanaTA	MNFOIA_10175,MNFOIA_10180
OWC_2438	Cas	CAS_Class1-Subtype-III-B	MNFOIA_10555,MNFOIA_10560,MNFOIA_10575,MNFOIA_10580,MNFOIA_10585
OWC_2438	Cas	CAS_Cluster	MNFOIA_10615,MNFOIA_10625,MNFOIA_10630,MNFOIA_10635
OWC_2439	Cas	CAS_Class1-Subtype-III-B	JCGALJ_03020,JCGALJ_03025,JCGALJ_03030,JCGALJ_03035,JCGALJ_03040,JCGALJ_03045,JCGALJ_03055
OWC_2439	RM	RM_Type_IIG	JCGALJ_04475
OWC_2439	Cas	CAS_Class1-Subtype-I-C	JCGALJ_09785,JCGALJ_09790,JCGALJ_09795,JCGALJ_09800
OWC_2439	CBASS	CBASS_I	JCGALJ_12765,JCGALJ_12770,JCGALJ_12775
OWC_2439	AbiE	AbiE	JCGALJ_12780,JCGALJ_12785
OWC_2439	Cas	CAS_Class1-Subtype-I-G	JCGALJ_15140,JCGALJ_15145,JCGALJ_15155,JCGALJ_15160,JCGALJ_15165,JCGALJ_15170
OWC_2439	Cas	CAS_Cluster	JCGALJ_16045,JCGALJ_16055,JCGALJ_16060
OWC_2439	Cas	CAS_Class1-Subtype-III-B	JCGALJ_16085,JCGALJ_16090,JCGALJ_16095,JCGALJ_16100,JCGALJ_16105,JCGALJ_16110
OWC_2440	Cas	CAS_Class1-Subtype-I-C	HHJNGL_02385,HHJNGL_02390,HHJNGL_02395,HHJNGL_02400,HHJNGL_02405,HHJNGL_02410,HHJNGL_02415
OWC_2440	RM	RM_Type_II	HHJNGL_02875,HHJNGL_02880
OWC_2440	RM	RM_Type_I	HHJNGL_06895,HHJNGL_06905,HHJNGL_06910
OWC_2440	SoFIC	SoFic	HHJNGL_06900
OWC_2440	SoFIC	SoFic	HHJNGL_07485
OWC_2440	Cas	CAS_Class1-Subtype-III-B	HHJNGL_08505,HHJNGL_08510,HHJNGL_08515,HHJNGL_08520,HHJNGL_08525,HHJNGL_08530,HHJNGL_08535,HHJNGL_08540,HHJNGL_08545
OWC_2440	SoFIC	SoFic	HHJNGL_08580
OWC_2440	Wadjet	Wadjet_I	HHJNGL_09810,HHJNGL_09815,HHJNGL_09820
OWC_2441	Wadjet	Wadjet_I	BDJPCH_08155,BDJPCH_08160,BDJPCH_08165
OWC_2441	RM	RM_Type_II	BDJPCH_08815,BDJPCH_08820
OWC_2442	RM	RM_Type_II	EDKPGN_00025,EDKPGN_00030
OWC_2442	SoFIC	SoFic	EDKPGN_01470
OWC_2442	Cas	CAS_Cluster	EDKPGN_01965,EDKPGN_01970
OWC_2442	RM	RM_Type_IIG	EDKPGN_02970
OWC_2442	Cas	CAS_Cluster	EDKPGN_03030,EDKPGN_03035
OWC_2442	RM	RM_Type_II	EDKPGN_03180,EDKPGN_03200
OWC_2442	RM	RM_Type_II	EDKPGN_05130,EDKPGN_05135
OWC_2442	PD-Lambda-1	PD-Lambda-1	EDKPGN_07410
OWC_2442	RM	RM_Type_III	EDKPGN_09660,EDKPGN_09665
OWC_2446	RM	RM_Type_IIG	FKHKMP_01475
OWC_2450	PD-T7-4	PD-T7-4	FKMMOL_04865
OWC_2450	RM	RM_Type_II	FKMMOL_05065,FKMMOL_05070
OWC_2451	PsyrTA	PsyrTA	OJFAIM_19750,OJFAIM_19755
OWC_2452	RM	RM_Type_IIG	CLLCGB_14160
OWC_2453	SoFIC	SoFic	LDABMI_19465
OWC_2454	PsyrTA	PsyrTA	KHPIOE_05605,KHPIOE_05610
OWC_2455	RM	RM_Type_IIG	DFDPAN_07235
OWC_2455	Cas	CAS_Cluster	DFDPAN_08545,DFDPAN_08550
OWC_2455	PfiAT	PfiAT	DFDPAN_10970,DFDPAN_10975
OWC_2456	SoFIC	SoFic	MINMAO_12985
OWC_2456	SoFIC	SoFic	MINMAO_16015
OWC_2457	SoFIC	SoFic	ADKFFN_10405
OWC_2459	SoFIC	SoFic	AOKDGI_02390
OWC_2459	SoFIC	SoFic	AOKDGI_06840
OWC_2460	Cas	CAS_Cluster	JBNHBF_07245,JBNHBF_07250,JBNHBF_07255,JBNHBF_07260
OWC_2460	PsyrTA	PsyrTA	JBNHBF_09145,JBNHBF_09150
OWC_2462	Cas	CAS_Cluster	GKGICJ_16755,GKGICJ_16760,GKGICJ_16765
OWC_2463	dGTPase	dGTPase	GJDMAD_09220
OWC_2463	AbiE	AbiE	GJDMAD_09275,GJDMAD_09280
OWC_2463	RM	RM_Type_I	GJDMAD_10695,GJDMAD_10700
OWC_2464	Cas	CAS_Class1-Subtype-I-C	IDGBDE_04010,IDGBDE_04015,IDGBDE_04020,IDGBDE_04025,IDGBDE_04035,IDGBDE_04040,IDGBDE_04045
OWC_2464	RM	RM_Type_I	IDGBDE_13425,IDGBDE_13430
OWC_2467	SoFIC	SoFic	ELCBCK_11225
OWC_2472	SoFIC	SoFic	DDEDMI_07610
OWC_2475	RM	RM_Type_IV	KJOIFK_09265
OWC_2492	RM	RM_Type_II	KIJPDN_01395,KIJPDN_01400
OWC_2492	RM	RM_Type_II	KIJPDN_03360,KIJPDN_03365
OWC_2492	RM	RM_Type_IIG	KIJPDN_06745
OWC_2496	ShosTA	ShosTA	FFIMHE_04560,FFIMHE_04565
OWC_2498	ShosTA	ShosTA	COKPJC_01255,COKPJC_01260
OWC_2498	CBASS	CBASS_I	COKPJC_02095,COKPJC_02100
OWC_2498	MazEF	MazEF	COKPJC_02260,COKPJC_02265
OWC_2498	DRT	DRT8	COKPJC_02665
OWC_2499	Retron	Retron_II	KNMAKC_00825,KNMAKC_00830
OWC_2499	RM	RM_Type_IIG	KNMAKC_01600
OWC_2499	RM	RM_Type_IIG	KNMAKC_03075
OWC_2499	Paris	PARIS_I	KNMAKC_05100,KNMAKC_05105
OWC_2499	SoFIC	SoFic	KNMAKC_05380
OWC_2499	RM	RM_Type_IIG	KNMAKC_08595
OWC_2499	SoFIC	SoFic	KNMAKC_10205
OWC_2500	RM	RM_Type_IIG	ICNBPI_00115
OWC_2501	Gao_Upx	Gao_Upx	PKCIDG_03830
OWC_2501	RM	RM_Type_II	PKCIDG_12180,PKCIDG_12185
OWC_2502	RM	RM_Type_I	MKEFMF_02630,MKEFMF_02635,MKEFMF_02650
OWC_2502	BREX	BREX_I	MKEFMF_05280,MKEFMF_05285,MKEFMF_05290,MKEFMF_05300,MKEFMF_05305,MKEFMF_05310
OWC_2502	RM	RM_Type_II	MKEFMF_06455,MKEFMF_06460
OWC_2506	RM	RM_Type_II	BGOHJH_05805,BGOHJH_05810
OWC_2506	Rst_DUF4238	Rst_DUF4238	BGOHJH_09785
